Player,Team,Nationality,Age,League,Position,MarketValue,goals,time,assists,xG,xA
Lamine Yamal,FC Barcelona,Spain,18.0,La_Liga,ST,200000000.0,14,2058,9,11.81193819642067,11.09273935854435
Kylian Mbappé,Real Madrid,France,27.0,La_Liga,ST,200000000.0,23,2066,4,21.647808451205492,6.512941654771566
Pedri,FC Barcelona,Spain,23.0,La_Liga,CM,150000000.0,2,1462,7,2.22481007874012,4.546026181429625
Vinicius Junior,Real Madrid,Brazil,25.0,La_Liga,ST,150000000.0,11,2220,5,12.238956488668919,5.269209910184145
Jude Bellingham,Real Madrid,England,22.0,La_Liga,CM,140000000.0,4,1313,3,6.213099502027035,2.522140357643366
Federico Valverde,Real Madrid,Uruguay,27.0,La_Liga,CM,120000000.0,4,2315,7,1.85920100659132,4.4698388539254665
Fermín López,FC Barcelona,Spain,22.0,La_Liga,CM,100000000.0,5,1307,8,5.307659815996885,6.7624260894954205
Julián Alvarez,Atlético de Madrid,Argentina,26.0,La_Liga,ST,90000000.0,8,1926,4,8.894600672647357,6.265264900401235
Arda Güler,Real Madrid,Türkiye,21.0,La_Liga,CM,90000000.0,4,1901,8,4.680065466091037,8.10534912161529
Raphinha,FC Barcelona,Brazil,29.0,La_Liga,ST,80000000.0,11,1336,3,9.968581577762961,5.760370654985309
Pau Cubarsí,FC Barcelona,Spain,19.0,La_Liga,CB,80000000.0,1,2130,0,0.5516378730535507,0.3548167273402214
Aurélien Tchouaméni,Real Madrid,France,26.0,La_Liga,CM,75000000.0,1,2175,0,2.464325461536646,2.21974641084671
Jules Koundé,FC Barcelona,France,27.0,La_Liga,CB,65000000.0,1,1894,3,2.112115003168583,4.20784854143858
Dean Huijsen,Real Madrid,Spain,20.0,La_Liga,CB,65000000.0,2,1596,2,2.2335619535297155,1.1454473715275526
Trent Alexander-Arnold,Real Madrid,England,27.0,La_Liga,CB,65000000.0,0,670,3,0.22273658588528633,1.3736030645668507
Pablo Barrios,Atlético de Madrid,Spain,22.0,La_Liga,CM,60000000.0,1,1591,1,1.4028489515185356,1.6999459583312273
Dani Olmo,FC Barcelona,Spain,27.0,La_Liga,CM,60000000.0,7,1527,6,7.493288075551391,4.715681498870254
Ferran Torres,FC Barcelona,Spain,26.0,La_Liga,ST,50000000.0,12,1599,1,13.690469084307551,2.1071850527077913
Nico Williams,Athletic Bilbao,Spain,23.0,La_Liga,ST,50000000.0,4,1335,2,4.948663843795657,3.842061704955995
Eduardo Camavinga,Real Madrid,France,23.0,La_Liga,CM,50000000.0,1,1150,0,1.0450459476560354,1.213536286726594
Rodrygo,Real Madrid,Brazil,25.0,La_Liga,ST,50000000.0,1,633,3,2.848481699824333,2.88282679207623
Álex Baena,Atlético de Madrid,Spain,24.0,La_Liga,ST,45000000.0,2,1101,2,1.5188072193413973,3.7849330361932516
Frenkie de Jong,FC Barcelona,Netherlands,28.0,La_Liga,CM,45000000.0,1,1490,4,1.0822599418461323,4.611209314316511
Jorge Cestero,Unknown,Unknown,,La_Liga,CM,7500000.0,0,8,0,0,0
Manuel Ángel,Unknown,Unknown,,La_Liga,CM,5000000.0,0,23,0,0.035684842616319656,0
Carlos Macià,Unknown,Unknown,,La_Liga,CM,3000000.0,0,64,0,0.02315744385123253,0
Hugo López,Unknown,Unknown,,La_Liga,ST,1000000.0,0,57,0,0,0
Franco Mastantuono,Real Madrid,Argentina,18.0,La_Liga,ST,45000000.0,1,772,0,2.09313652664423,2.442584613338113
Alberto Moleiro,Villarreal CF,Spain,22.0,La_Liga,ST,40000000.0,9,1943,4,5.2085331454873085,4.693152310326695
Ademola Lookman,Atlético de Madrid,Nigeria,28.0,La_Liga,ST,40000000.0,2,343,0,2.1202900782227516,0.7812299206852913
Giuliano Simeone,Atlético de Madrid,Argentina,23.0,La_Liga,ST,40000000.0,3,1892,6,5.377896117046475,5.314427062869072
Marcus Rashford,FC Barcelona,England,28.0,La_Liga,ST,40000000.0,4,1327,6,7.0085413651540875,4.088109420612454
Joan García,FC Barcelona,Spain,24.0,La_Liga,GK,40000000.0,0,2070,0,0,0
Antony,Real Betis Balompié,Brazil,26.0,La_Liga,ST,40000000.0,7,1896,5,6.596224976703525,5.417783286422491
Dávid Hancko,Atlético de Madrid,Slovakia,28.0,La_Liga,CB,35000000.0,0,2122,2,0.9874462652951479,2.1513782758265734
Eric García,FC Barcelona,Spain,25.0,La_Liga,CB,35000000.0,1,2192,1,3.304715894162655,1.553778799250722
Mikel Jauregizar,Athletic Bilbao,Spain,22.0,La_Liga,CM,35000000.0,2,2299,0,1.089722279459238,1.2458198824897408
Oihan Sancet,Athletic Bilbao,Spain,25.0,La_Liga,CM,35000000.0,3,1531,0,6.669009603559971,1.3745818119496107
Brahim Díaz,Real Madrid,Morocco,26.0,La_Liga,ST,35000000.0,0,662,4,0.8296769224107265,2.080521035939455
Vitor Reis,Girona FC,Brazil,20.0,La_Liga,CB,30000000.0,1,2327,1,1.4675985500216484,0.8119628597050905
Gavi,FC Barcelona,Spain,21.0,La_Liga,CM,30000000.0,0,55,1,0,0.14011242240667343
Marc Bernal,FC Barcelona,Spain,18.0,La_Liga,CM,30000000.0,2,503,1,0.9174209907650948,0.6727183200418949
Takefusa Kubo,Real Sociedad,Japan,24.0,La_Liga,ST,30000000.0,2,1203,3,2.50237294472754,3.2718304209411144
Gonzalo García,Real Madrid,Spain,22.0,La_Liga,ST,30000000.0,4,641,0,4.135629843920469,0.9051337353885174
Georges Mikautadze,Villarreal CF,Georgia,25.0,La_Liga,ST,28000000.0,9,1631,5,12.018502527847886,3.5720873419195414
Marc Pubill,Atlético de Madrid,Spain,22.0,La_Liga,CB,28000000.0,0,838,1,0.2221174966543913,0.6268223077058792
Renato Veiga,Villarreal CF,Portugal,22.0,La_Liga,CB,25000000.0,0,1833,0,0.1798072038218379,0.050029488280415535
Robin Le Normand,Atlético de Madrid,Spain,29.0,La_Liga,CB,25000000.0,1,1313,0,1.0887540504336357,0.04524993523955345
Carlos Romero,RCD Espanyol Barcelona,Spain,24.0,La_Liga,CB,25000000.0,5,2408,2,2.5455135125666857,2.718666941858828
Gerard Martín,FC Barcelona,Spain,24.0,La_Liga,CB,25000000.0,0,1466,0,0.22633135877549648,0.737631599418819
Jon Gorrotxategi,Real Sociedad,Spain,24.0,La_Liga,CM,25000000.0,1,1927,3,0.7921612514182925,0.870845009572804
Mikel Oyarzabal,Real Sociedad,Spain,28.0,La_Liga,ST,25000000.0,12,2210,3,13.635622721165419,5.215658290311694
Dani Vivian,Athletic Bilbao,Spain,26.0,La_Liga,CB,25000000.0,1,2100,0,1.366984797641635,1.5774906277656555
Unai Simón,Athletic Bilbao,Spain,28.0,La_Liga,GK,25000000.0,0,2610,0,0,0.03188738599419594
Natan,Real Betis Balompié,Brazil,25.0,La_Liga,CB,25000000.0,0,2267,0,0.35661194007843733,0.18756740260869265
Éder Militão,Real Madrid,Brazil,28.0,La_Liga,CB,25000000.0,1,1006,1,1.4660748494789004,1.0907561480998993
Marcos Llorente,Atlético de Madrid,Spain,31.0,La_Liga,CB,22000000.0,0,1857,4,2.1275672614574432,4.157412007451057
Johnny Cardoso,Atlético de Madrid,United States,24.0,La_Liga,CM,22000000.0,0,784,0,0.04422198887914419,0.3355124518275261
Alexander Sørloth,Atlético de Madrid,Norway,30.0,La_Liga,ST,20000000.0,10,1562,0,9.739260882139206,1.2237359210848808
Thiago Almada,Atlético de Madrid,Argentina,24.0,La_Liga,ST,20000000.0,3,916,1,3.392496343702078,1.9072739090770483
Matteo Ruggeri,Atlético de Madrid,Italy,23.0,La_Liga,CB,20000000.0,0,1331,3,0.19984443299472332,2.9691379573196173
Rodrigo Mendoza,Atlético de Madrid,Spain,21.0,La_Liga,CM,20000000.0,1,1008,0,0.6250370051711798,0.8039742140099406
Jon Martín,Real Sociedad,Spain,19.0,La_Liga,CB,20000000.0,0,1620,0,1.0390478884801269,0.18847600370645523
Ronald Araujo,FC Barcelona,Uruguay,27.0,La_Liga,CB,20000000.0,3,808,0,2.221388068050146,0.07918250001966953
Marc Casadó,FC Barcelona,Spain,22.0,La_Liga,CM,20000000.0,0,846,1,0.45990472193807364,0.4292725957930088
Thiago Pitarch,Real Madrid,Spain,18.0,La_Liga,CM,20000000.0,0,285,0,0.19116200506687164,0.21064721047878265
Sergi Altimira,Real Betis Balompié,Spain,24.0,La_Liga,CM,20000000.0,1,951,1,0.4064977653324604,0.5250933840870857
Víctor Muñoz,CA Osasuna,Spain,22.0,La_Liga,ST,20000000.0,5,2317,2,6.418245373293757,2.028915739618242
Enzo Boyomo,CA Osasuna,Cameroon,24.0,La_Liga,CB,20000000.0,1,1824,1,0.7986937370151281,1.3994310349225998
Óscar Mingueza,Celta de Vigo,Spain,26.0,La_Liga,CB,18000000.0,1,1584,4,0.49656450003385544,2.792735720053315
Ander Barrenetxea,Real Sociedad,Spain,24.0,La_Liga,ST,18000000.0,3,1382,3,2.28756211232394,5.7093370873481035
Beñat Prados,Athletic Bilbao,Spain,25.0,La_Liga,CM,18000000.0,0,87,0,0.02024441957473755,0.03657878190279007
Thibaut Courtois,Real Madrid,Belgium,33.0,La_Liga,GK,18000000.0,0,2520,0,0,0
Andrei Rațiu,Rayo Vallecano,Romania,27.0,La_Liga,CB,18000000.0,0,2219,3,2.009364979341626,4.647295294329524
Jan Oblak,Atlético de Madrid,Slovenia,33.0,La_Liga,GK,17000000.0,0,2340,0,0,0
Vladyslav Vanat,Girona FC,Ukraine,24.0,La_Liga,ST,15000000.0,9,1992,1,9.496832385659218,2.1041252370923758
Omar El Hilali,RCD Espanyol Barcelona,Morocco,22.0,La_Liga,CB,15000000.0,0,2125,2,0.013671329244971275,1.4993599969893694
Juanlu Sánchez,Sevilla FC,Spain,22.0,La_Liga,CB,15000000.0,0,1679,3,0.643406193703413,1.4024052396416664
Andriy Lunin,Real Madrid,Ukraine,27.0,La_Liga,GK,15000000.0,0,90,0,0,0
Nahuel Molina,Atlético de Madrid,Argentina,27.0,La_Liga,CB,15000000.0,2,1019,1,0.28737368807196617,1.352904925122857
Viktor Tsygankov,Girona FC,Ukraine,28.0,La_Liga,ST,15000000.0,5,1868,4,4.829901099205017,3.101370452903211
Williot Swedberg,Celta de Vigo,Sweden,22.0,La_Liga,ST,15000000.0,3,867,2,3.5519397780299187,1.229947291314602
Jan Virgili,RCD Mallorca,Spain,19.0,La_Liga,ST,15000000.0,0,1476,4,1.8502737414091825,3.4738964876160026
Roony Bardghji,FC Barcelona,Sweden,20.0,La_Liga,ST,15000000.0,1,362,1,1.4823282193392515,1.71273129619658
Miguel Román,Celta de Vigo,Spain,23.0,La_Liga,CM,15000000.0,1,1297,0,1.1040805764496326,2.0899811750277877
Jon Aramburu,Real Sociedad,Venezuela,23.0,La_Liga,CB,15000000.0,1,2224,0,1.8415956757962704,0.3547795210033655
Claudio Echeverri,Girona FC,Argentina,20.0,La_Liga,CM,15000000.0,1,250,1,1.0410882513970137,0.9266623705625534
Sergio Gómez,Real Sociedad,Spain,25.0,La_Liga,CB,15000000.0,0,2073,2,0.7257826225832105,4.62374175619334
Julen Agirrezabala,Valencia CF,Spain,25.0,La_Liga,GK,15000000.0,0,1620,0,0,0.013403872959315777
Aitor Paredes,Athletic Bilbao,Spain,25.0,La_Liga,CB,15000000.0,1,1445,0,1.343791265040636,0.7405439838767052
Samú Costa,RCD Mallorca,Portugal,25.0,La_Liga,CM,15000000.0,5,2070,0,2.3377073192968965,0.9610254997387528
Carlos Álvarez,Levante UD,Spain,22.0,La_Liga,CM,15000000.0,3,1820,1,2.535831674002111,4.416497340425849
Erling Haaland,Manchester City,Norway,25.0,EPL,ST,200000000.0,22,2439,7,23.13693391531706,4.766327390447259
Declan Rice,Arsenal FC,England,27.0,EPL,CM,120000000.0,4,2593,5,3.6364860106259584,7.149592153728008
Bukayo Saka,Arsenal FC,England,24.0,EPL,ST,120000000.0,6,2010,3,8.220870432443917,6.403588719666004
Moisés Caicedo,Chelsea FC,Ecuador,24.0,EPL,CM,110000000.0,3,2190,1,1.3654587678611279,2.0660120770335197
Cole Palmer,Chelsea FC,England,23.0,EPL,CM,110000000.0,9,1467,1,8.36176099255681,1.7686979342252016
Florian Wirtz,Liverpool FC,Germany,22.0,EPL,CM,110000000.0,4,2055,2,5.949139837175608,4.30497458204627
Alexander Isak,Liverpool FC,Sweden,26.0,EPL,ST,100000000.0,2,519,1,2.7675887029618025,0.8461103290319443
Dominik Szoboszlai,Liverpool FC,Hungary,25.0,EPL,CM,100000000.0,5,2606,3,3.809903386980295,5.6715395003557205
Enzo Fernández,Chelsea FC,Argentina,25.0,EPL,CM,90000000.0,8,2609,3,11.047037882730365,7.5162071362137794
William Saliba,Arsenal FC,France,25.0,EPL,CB,90000000.0,1,2069,0,1.5777585953474045,0.42558081075549126
Ryan Gravenberch,Liverpool FC,Netherlands,23.0,EPL,CM,90000000.0,4,2534,3,1.2909306352958083,2.10018627718091
Hugo Ekitiké,Liverpool FC,France,23.0,EPL,ST,90000000.0,11,1835,4,11.932188130915165,2.49130567535758
Martín Zubimendi,Arsenal FC,Spain,27.0,EPL,CM,80000000.0,5,2637,1,2.827678130939603,0.8698590472340584
Estêvão,Chelsea FC,Brazil,18.0,EPL,ST,80000000.0,2,771,2,3.7614425346255302,2.7679440770298243
Sandro Tonali,Newcastle United,Italy,25.0,EPL,CM,80000000.0,0,2082,2,1.2549977814778686,2.814313603565097
Morgan Rogers,Aston Villa,England,23.0,EPL,CM,80000000.0,8,2770,5,5.7134534772485495,5.912384700030088
Phil Foden,Manchester City,England,25.0,EPL,CM,80000000.0,7,1821,3,6.085879135876894,4.706622212193906
Alexis Mac Allister,Liverpool FC,Argentina,27.0,EPL,CM,80000000.0,2,2209,2,3.471260673366487,1.8746977178379893
Bryan Mbeumo,Manchester United,Cameroon,26.0,EPL,ST,80000000.0,9,2241,3,9.655202369205654,4.322720665484667
João Pedro,Chelsea FC,Brazil,24.0,EPL,ST,75000000.0,14,2345,5,14.15835139900446,3.9609613977372646
Gabriel,Arsenal FC,Brazil,28.0,EPL,CB,75000000.0,3,2167,4,3.203062755987048,2.645656555891037
Bruno Guimarães,Newcastle United,Brazil,28.0,EPL,CM,75000000.0,9,2022,4,5.774607993662357,3.1487869061529636
Antoine Semenyo,Manchester City,Ghana,26.0,EPL,ST,75000000.0,15,2597,4,11.201724836602807,3.091043023392558
Jurriën Timber,Arsenal FC,Netherlands,24.0,EPL,CB,70000000.0,3,2475,5,4.030840836465359,2.5891424333676696
Josko Gvardiol,Manchester City,Croatia,24.0,EPL,CB,70000000.0,2,1307,2,1.818312879651785,0.43760474771261215
Matheus Cunha,Manchester United,Brazil,26.0,EPL,ST,70000000.0,7,2069,2,5.403650408610702,2.556137103587389
Viktor Gyökeres,Arsenal FC,Sweden,27.0,EPL,ST,65000000.0,11,1927,0,9.996114503592253,2.0942770866677165
Nick Woltemade,Newcastle United,Germany,24.0,EPL,ST,65000000.0,7,1712,3,7.789635218679905,1.6837366092950106
Jérémy Doku,Manchester City,Belgium,23.0,EPL,ST,65000000.0,1,1227,4,2.712628179229796,5.545891216024756
Marc Guéhi,Manchester City,England,25.0,EPL,CB,65000000.0,2,2520,2,4.218181984499097,2.5567170777358115
Rodri,Manchester City,Spain,29.0,EPL,CM,65000000.0,1,1231,0,0.9211645582690835,2.2365365587174892
Cody Gakpo,Liverpool FC,Netherlands,26.0,EPL,ST,65000000.0,6,2157,3,7.874412667006254,5.7214399967342615
Benjamin Sesko,Manchester United,Slovenia,22.0,EPL,ST,65000000.0,9,1321,1,9.996170883066952,0.5251399390399456
Micky van de Ven,Tottenham Hotspur,Netherlands,24.0,EPL,CB,65000000.0,4,2419,1,2.423757927492261,0.9611182175576687
Eberechi Eze,Arsenal FC,England,27.0,EPL,CM,60000000.0,6,1524,2,3.8563079182058573,2.542106756940484
Morgan Gibbs-White,Nottingham Forest,England,26.0,EPL,CM,60000000.0,9,2675,2,8.889336362481117,3.089745642617345
Elliot Anderson,Nottingham Forest,England,23.0,EPL,CM,60000000.0,2,2780,2,2.5203143348917365,3.5064722010865808
Anthony Gordon,Newcastle United,England,25.0,EPL,ST,60000000.0,6,1814,2,8.683945398777723,3.714877739548683
Tijjani Reijnders,Manchester City,Netherlands,27.0,EPL,CM,60000000.0,5,1500,2,4.472426678985357,3.0732941813766956
Omar Marmoush,Manchester City,Egypt,27.0,EPL,ST,60000000.0,1,573,3,2.8558646515011787,1.474619597196579
Rúben Dias,Manchester City,Portugal,28.0,EPL,CB,60000000.0,2,2052,0,0.43706189282238483,0.40935616102069616
Adam Wharton,Crystal Palace,England,22.0,EPL,CM,60000000.0,0,2217,5,0.9826451102271676,4.880828585475683
Pedro Neto,Chelsea FC,Portugal,26.0,EPL,ST,60000000.0,5,2239,4,4.810193914920092,7.050045987591147
Reece James,Chelsea FC,England,26.0,EPL,CB,60000000.0,2,1867,4,1.2105660028755665,3.9933422207832336
Carlos Baleba,Brighton & Hove Albion,Cameroon,22.0,EPL,CM,55000000.0,0,1319,0,0.388982773758471,0.09389349445700645
Mohammed Kudus,Tottenham Hotspur,Ghana,25.0,EPL,ST,55000000.0,2,1577,5,2.362326920963824,2.574139247648418
Kai Havertz,Arsenal FC,Germany,26.0,EPL,ST,50000000.0,0,267,1,0.3747366666793823,0.20362167060375214
Riccardo Calafiori,Arsenal FC,Italy,23.0,EPL,CB,50000000.0,1,1493,2,2.6441258005797863,0.44628622755408287
Noni Madueke,Arsenal FC,England,24.0,EPL,ST,50000000.0,1,925,1,1.7552637532353401,2.5768766067922115
Piero Hincapié,Arsenal FC,Ecuador,24.0,EPL,CB,50000000.0,1,1500,2,0.39727197121828794,2.0693008974194527
Murillo,Nottingham Forest,Brazil,23.0,EPL,CB,50000000.0,1,2001,0,0.4774698419496417,0.29939603339880705
Nico O'Reilly,Manchester City,England,21.0,EPL,CB,50000000.0,4,2131,3,4.614134319126606,2.8584181517362595
Iliman Ndiaye,Everton FC,Senegal,26.0,EPL,ST,50000000.0,6,2175,3,4.76201138459146,3.811655101366341
Ibrahima Konaté,Liverpool FC,France,26.0,EPL,CB,50000000.0,1,2515,0,1.843844497576356,0.6984626250341535
Leny Yoro,Manchester United,France,20.0,EPL,CB,50000000.0,0,1617,0,1.1060877703130245,0.10260261222720146
Kobbie Mainoo,Manchester United,England,20.0,EPL,CM,50000000.0,0,1083,2,0.17940098699182272,0.598043785430491
Amad Diallo,Manchester United,Cote d'Ivoire,23.0,EPL,ST,50000000.0,2,1920,2,4.8522819597274065,4.089084632694721
Marc Cucurella,Chelsea FC,Spain,27.0,EPL,CB,50000000.0,1,2084,3,1.3844277020543814,3.731170888990164
Xavi Simons,Tottenham Hotspur,Netherlands,22.0,EPL,CM,50000000.0,1,1609,4,1.7202153205871582,4.248675254173577
Cristian Romero,Tottenham Hotspur,Argentina,27.0,EPL,CB,50000000.0,4,1804,1,1.8203502781689167,1.7087293025106192
Andrey Santos,Chelsea FC,Brazil,21.0,EPL,CM,45000000.0,0,977,0,1.7154290862381458,0.6522208489477634
Gabriel Martinelli,Arsenal FC,Brazil,24.0,EPL,ST,45000000.0,1,801,3,4.059760354459286,1.8745346069335938
Malick Thiaw,Newcastle United,Germany,24.0,EPL,CB,45000000.0,4,2338,0,5.050081560388207,0.8268706873059273
Jørgen Strand Larsen,Crystal Palace,Norway,26.0,EPL,ST,45000000.0,4,1896,1,5.339312080293894,0.5936462795361876
Jarrad Branthwaite,Everton FC,England,23.0,EPL,CB,45000000.0,1,503,0,0.28577089309692383,0.09261962957680225
Matheus Nunes,Manchester City,Portugal,27.0,EPL,CB,45000000.0,1,2267,4,0.6754733501002192,2.3404364120215178
Amadou Onana,Aston Villa,Belgium,24.0,EPL,CM,45000000.0,2,1599,0,2.271700147539377,0.4491705559194088
Nico González,Manchester City,Spain,24.0,EPL,CM,45000000.0,1,1385,0,0.5000531869009137,0.7464621812105179
Gianluigi Donnarumma,Manchester City,Italy,27.0,EPL,GK,45000000.0,0,2430,0,0,0
Yankuba Minteh,Brighton & Hove Albion,The Gambia,21.0,EPL,ST,40000000.0,2,1847,4,3.6608777064830065,4.8952676653862
Alejandro Garnacho,Chelsea FC,Argentina,21.0,EPL,ST,40000000.0,1,1144,4,3.784420285373926,4.106879755854607
Anthony Elanga,Newcastle United,Sweden,23.0,EPL,ST,40000000.0,0,1202,1,1.3304177578538656,1.7495205141603947
Maxence Lacroix,Crystal Palace,France,25.0,EPL,CB,40000000.0,1,2489,2,2.7277242727577686,1.2082335203886032
Rayan Aït-Nouri,Manchester City,Algeria,24.0,EPL,CB,40000000.0,0,789,2,0.32291233353316784,1.4492103587836027
Lucas Bergvall,Tottenham Hotspur,Sweden,20.0,EPL,CM,40000000.0,1,852,2,1.3768548872321844,0.2562577445060015
Trevoh Chalobah,Chelsea FC,England,26.0,EPL,CB,40000000.0,3,2560,0,1.7106420220807195,0.6142567321658134
Pedro Porro,Tottenham Hotspur,Spain,26.0,EPL,CB,40000000.0,0,2185,2,0.6347001725807786,3.251460438594222
Bruno Fernandes,Manchester United,Portugal,31.0,EPL,CM,40000000.0,8,2452,16,11.163565407507122,13.040051192045212
Ezri Konsa,Aston Villa,England,28.0,EPL,CB,40000000.0,0,2676,0,1.0740509293973446,0.6014871783554554
Milos Kerkez,Liverpool FC,Hungary,22.0,EPL,CB,40000000.0,2,2057,1,1.326234550215304,1.747715525329113
Lisandro Martínez,Manchester United,Argentina,28.0,EPL,CB,40000000.0,0,889,0,0.05390207935124636,0.4361163191497326
Boubacar Kamara,Aston Villa,France,26.0,EPL,CM,40000000.0,1,1434,3,1.0521572744473815,0.7290232917293906
Bart Verbruggen,Brighton & Hove Albion,Netherlands,23.0,EPL,GK,40000000.0,0,2790,0,0,0.07646425813436508
Matthijs de Ligt,Manchester United,Netherlands,26.0,EPL,CB,40000000.0,1,1170,0,1.3233719654381275,0.4281761646270752
Alex Scott,AFC Bournemouth,England,22.0,EPL,CM,40000000.0,2,2375,1,3.0460701789706945,1.8442000998184085
Rayan,AFC Bournemouth,Brazil,19.0,EPL,ST,40000000.0,2,633,1,1.2514662221074104,1.6151759903877974
Kevin Schade,Brentford FC,Germany,24.0,EPL,ST,35000000.0,7,2240,3,9.764131454750896,4.065017273649573
James Garner,Everton FC,England,25.0,EPL,CM,35000000.0,2,2787,6,1.9988975692540407,5.531052442267537
Brennan Johnson,Crystal Palace,Wales,24.0,EPL,ST,35000000.0,2,1211,1,1.989457719027996,0.983729287981987
Cristhian Mosquera,Arsenal FC,Spain,21.0,EPL,CB,35000000.0,0,665,0,0,0.1646239385008812
Mateus Fernandes,West Ham United,Portugal,21.0,EPL,CM,35000000.0,3,2417,3,1.0705702733248472,2.59276426397264
Evanilson,AFC Bournemouth,Brazil,26.0,EPL,ST,35000000.0,6,2247,0,9.838496580719948,2.316022977232933
Michael Olise,Bayern Munich,France,24.0,Bundesliga,ST,140000000.0,11,1978,17,9.842565534636378,15.43462716601789
Jamal Musiala,Bayern Munich,Germany,23.0,Bundesliga,CM,120000000.0,1,278,2,1.7908645644783974,0.48448558151721954
Yan Diomande,RB Leipzig,Cote d'Ivoire,19.0,Bundesliga,ST,75000000.0,10,1893,6,6.414470110088587,7.325402310118079
Aleksandar Pavlovic,Bayern Munich,Germany,21.0,Bundesliga,CM,75000000.0,3,1320,1,1.4776572212576866,1.6352257747203112
Luis Díaz,Bayern Munich,Colombia,29.0,Bundesliga,ST,70000000.0,15,2087,11,13.144643872976303,8.126589147374034
Harry Kane,Bayern Munich,England,32.0,Bundesliga,ST,65000000.0,31,2083,5,26.705479028634727,6.530971290543675
Luka Vuskovic,Hamburger SV,Croatia,19.0,Bundesliga,CB,60000000.0,5,2160,0,4.477153269574046,0.4103483697399497
Lennart Karl,Bayern Munich,Germany,18.0,Bundesliga,CM,60000000.0,4,1103,3,6.147140823304653,2.523889074102044
Nico Schlotterbeck,Borussia Dortmund,Germany,26.0,Bundesliga,CB,55000000.0,4,1890,1,3.2422886332497,0.8571173064410686
Karim Adeyemi,Borussia Dortmund,Germany,24.0,Bundesliga,ST,50000000.0,6,1174,3,4.678508400917053,2.954679423943162
Felix Nmecha,Borussia Dortmund,Germany,25.0,Bundesliga,CM,50000000.0,2,2105,3,3.1790058817714453,1.8235643226653337
Can Uzun,Eintracht Frankfurt,Türkiye,20.0,Bundesliga,CM,45000000.0,6,825,3,2.734463332220912,2.259539982303977
Angelo Stiller,VfB Stuttgart,Germany,24.0,Bundesliga,CM,45000000.0,1,2144,5,2.3774432204663754,5.556971753947437
Alphonso Davies,Bayern Munich,Canada,25.0,Bundesliga,CB,45000000.0,0,354,1,0.10381900519132614,0.25392164662480354
Castello Lukeba,RB Leipzig,France,23.0,Bundesliga,CB,45000000.0,1,1896,0,0.8890010062605143,0.24011876247823238
Jarell Quansah,Bayer 04 Leverkusen,England,23.0,Bundesliga,CB,45000000.0,3,1873,0,2.6048063188791275,0.8263874910771847
Jamie Leweling,VfB Stuttgart,Germany,25.0,Bundesliga,ST,40000000.0,7,1848,6,3.726155199110508,4.18502963334322
Joshua Kimmich,Bayern Munich,Germany,31.0,Bundesliga,CM,40000000.0,2,1807,6,2.076781475916505,6.348497848957777
Maximilian Beier,Borussia Dortmund,Germany,23.0,Bundesliga,ST,40000000.0,8,1564,4,7.629877120256424,3.201244338415563
Ibrahim Maza,Bayer 04 Leverkusen,Algeria,20.0,Bundesliga,CM,40000000.0,2,1245,3,3.173876902088523,3.4117477741092443
Nicolas Jackson,Bayern Munich,Senegal,24.0,Bundesliga,ST,40000000.0,4,564,0,4.5895692724734545,1.1904625538736582
Serhou Guirassy,Borussia Dortmund,Guinea,30.0,Bundesliga,ST,40000000.0,13,1859,1,15.727250542491674,1.762090252712369
Gregor Kobel,Borussia Dortmund,Switzerland,28.0,Bundesliga,GK,40000000.0,0,2430,0,0,0
Christian Kofane,Bayer 04 Leverkusen,Cameroon,19.0,Bundesliga,ST,40000000.0,5,983,3,6.5611046105623245,1.7720793914049864
Mick Schmetgens,Unknown,Unknown,,Bundesliga,CB,700000.0,0,34,0,0,0
Salim Musah,Unknown,Unknown,,Bundesliga,ST,500000.0,0,7,0,0.01949378475546837,0
Tom Bischof,Bayern Munich,Germany,20.0,Bundesliga,CM,40000000.0,0,922,3,0.963580884039402,1.9297015182673931
Jonathan Burkardt,Eintracht Frankfurt,Germany,25.0,Bundesliga,ST,35000000.0,9,998,0,9.662737272679806,0.29568128287792206
Nathaniel Brown,Eintracht Frankfurt,Germany,22.0,Bundesliga,CB,35000000.0,4,2038,4,2.050333686172962,2.790567673742771
Johan Manzambi,SC Freiburg,Switzerland,20.0,Bundesliga,CM,35000000.0,3,1678,2,2.4944626595824957,2.4135931842029095
Josip Stanisic,Bayern Munich,Croatia,25.0,Bundesliga,CB,35000000.0,2,1424,3,1.0486250892281532,3.0791625920683146
Said El Mala,1.FC Köln,Germany,19.0,Bundesliga,ST,35000000.0,10,1381,3,8.394995929673314,1.855044599622488
Edmond Tapsoba,Bayer 04 Leverkusen,Burkina Faso,27.0,Bundesliga,CB,35000000.0,4,1949,2,3.2409368911758065,1.2413615845143795
Bazoumana Touré,TSG 1899 Hoffenheim,Cote d'Ivoire,20.0,Bundesliga,ST,35000000.0,2,1815,7,3.9713587826117873,5.457951230928302
Bilal El Khannouss,VfB Stuttgart,Morocco,21.0,Bundesliga,CM,32000000.0,3,1355,3,1.7664454439654946,4.051339050754905
Hugo Larsson,Eintracht Frankfurt,Sweden,21.0,Bundesliga,CM,32000000.0,1,1421,2,0.8406409472227097,0.8672693930566311
Konrad Laimer,Bayern Munich,Austria,28.0,Bundesliga,CB,32000000.0,3,1611,5,2.7632063534110785,3.4897213596850634
Antonio Nusa,RB Leipzig,Norway,20.0,Bundesliga,ST,32000000.0,2,1638,2,4.746032314375043,4.122364494949579
Rômulo,RB Leipzig,Brazil,24.0,Bundesliga,ST,30000000.0,7,1776,4,11.962001759558916,3.3973602056503296
Finn Jeltsch,VfB Stuttgart,Germany,19.0,Bundesliga,CB,30000000.0,0,1361,1,0.19509844854474068,0.10187679901719093
Jonathan Tah,Bayern Munich,Germany,30.0,Bundesliga,CB,30000000.0,2,1769,1,0.6638064542785287,0.5882400423288345
Jobe Bellingham,Borussia Dortmund,England,20.0,Bundesliga,CM,30000000.0,0,1195,1,0.7233882173895836,0.5675880257040262
Christoph Baumgartner,RB Leipzig,Austria,26.0,Bundesliga,CM,30000000.0,12,2183,6,13.94309102743864,2.803140627220273
Exequiel Palacios,Bayer 04 Leverkusen,Argentina,27.0,Bundesliga,CM,30000000.0,0,457,0,0.22290260717272758,0.1910003423690796
Malik Tillman,Bayer 04 Leverkusen,United States,23.0,Bundesliga,CM,30000000.0,5,1559,1,4.389549918472767,3.4058956503868103
Fisnik Asllani,TSG 1899 Hoffenheim,Kosovo,23.0,Bundesliga,ST,30000000.0,8,1871,5,7.574554221704602,4.250370090827346
Assan Ouédraogo,RB Leipzig,Germany,19.0,Bundesliga,CM,28000000.0,3,632,3,2.1908827032893896,2.7199287116527557
Brajan Gruda,RB Leipzig,Germany,21.0,Bundesliga,CM,28000000.0,3,513,2,2.3300758227705956,2.1947028879076242
Fábio Silva,Borussia Dortmund,Portugal,23.0,Bundesliga,ST,28000000.0,1,596,5,1.6806797478348017,2.636190138757229
Konstantinos Koulierakis,VfL Wolfsburg,Greece,22.0,Bundesliga,CB,25000000.0,2,1936,0,2.3602450247853994,1.18343158159405
Arnaud Kalimuendo,Eintracht Frankfurt,France,24.0,Bundesliga,ST,25000000.0,4,851,1,3.2228638529777527,0.9167605042457581
Kaishu Sano,1.FSV Mainz 05,Japan,25.0,Bundesliga,CM,25000000.0,1,2430,1,1.0115436129271984,3.023523787036538
Ernest Poku,Bayer 04 Leverkusen,Netherlands,22.0,Bundesliga,ST,25000000.0,5,1437,4,3.6422607600688934,2.5735730938613415
Loïc Badé,Bayer 04 Leverkusen,France,25.0,Bundesliga,CB,25000000.0,0,1382,0,0.9232862805947661,0.13785948604345322
Julian Ryerson,Borussia Dortmund,Norway,28.0,Bundesliga,CB,25000000.0,0,1679,12,0.5529551077634096,8.319585617631674
Leon Avdullahu,TSG 1899 Hoffenheim,Kosovo,22.0,Bundesliga,CM,25000000.0,0,2294,1,0.4837837256491184,1.0303920581936836
Karim Coulibaly,SV Werder Bremen,Germany,18.0,Bundesliga,CB,22000000.0,1,1769,0,1.1301267184317112,0.1730191968381405
David Raum,RB Leipzig,Germany,27.0,Bundesliga,CB,22000000.0,3,2310,6,2.2789241075515747,10.028936307877302
Daniel Svensson,Borussia Dortmund,Sweden,24.0,Bundesliga,CB,22000000.0,2,2094,2,1.877221655100584,3.25033020041883
Nicolas Seiwald,RB Leipzig,Austria,24.0,Bundesliga,CM,22000000.0,0,2307,2,1.405506957322359,1.3713903669267893
Johan Bakayoko,RB Leipzig,Belgium,22.0,Bundesliga,ST,22000000.0,2,727,0,1.7686516754329205,0.9762161877006292
Noahkai Banks,FC Augsburg,United States,19.0,Bundesliga,CB,22000000.0,1,1720,1,1.2308643972501159,0.9259122600778937
Chrislain Matsima,FC Augsburg,France,23.0,Bundesliga,CB,22000000.0,1,1260,1,0.5306734442710876,0.5844853427261114
Ermedin Demirovic,VfB Stuttgart,Bosnia-Herzegovina,28.0,Bundesliga,ST,22000000.0,9,1181,2,6.367287680506706,1.6134076975286007
Deniz Undav,VfB Stuttgart,Germany,29.0,Bundesliga,ST,22000000.0,18,1737,5,16.30695114657283,3.665377866476774
Albian Hajdari,TSG 1899 Hoffenheim,Kosovo,22.0,Bundesliga,CB,20000000.0,1,1863,1,1.7636657785624266,0.7322525791823864
Wouter Burger,TSG 1899 Hoffenheim,Netherlands,25.0,Bundesliga,CM,20000000.0,4,1970,5,3.3539092391729355,5.161827463656664
Ritsu Doan,Eintracht Frankfurt,Japan,27.0,Bundesliga,ST,20000000.0,4,2141,5,3.7228294126689434,6.130740121006966
Aleix García,Bayer 04 Leverkusen,Spain,28.0,Bundesliga,CM,20000000.0,2,2209,6,1.9553318116813898,4.195254620164633
Yan Couto,Borussia Dortmund,Brazil,23.0,Bundesliga,CM,20000000.0,1,982,2,0.5621986016631126,2.849770877510309
Carney Chukwuemeka,Borussia Dortmund,Austria,22.0,Bundesliga,CM,20000000.0,2,658,0,2.3645795173943043,0.5800747573375702
Patrik Schick,Bayer 04 Leverkusen,Czech Republic,30.0,Bundesliga,ST,20000000.0,9,1482,3,11.813770767301321,2.8827716130763292
Arthur Theate,Eintracht Frankfurt,Belgium,25.0,Bundesliga,CB,20000000.0,1,1795,0,1.0566146345809102,0.43156967125833035
Conrad Harder,RB Leipzig,Denmark,20.0,Bundesliga,ST,20000000.0,2,748,3,3.6867622919380665,2.3702129013836384
Julian Brandt,Borussia Dortmund,Germany,29.0,Bundesliga,CM,20000000.0,6,1214,3,4.301542589440942,3.8335540425032377
Noah Atubolu,SC Freiburg,Germany,23.0,Bundesliga,GK,20000000.0,0,2430,0,0,0.3081289026886225
Nnamdi Collins,Eintracht Frankfurt,Germany,22.0,Bundesliga,CB,20000000.0,1,1490,2,0.6856478173285723,0.4561577998101711
Serge Gnabry,Bayern Munich,Germany,30.0,Bundesliga,ST,20000000.0,8,1213,6,6.14539984986186,5.150685242377222
Ramon Hendriks,VfB Stuttgart,Netherlands,24.0,Bundesliga,CB,20000000.0,0,1429,2,0.06360262259840965,0.5049298442900181
Rocco Reitz,Borussia Mönchengladbach,Germany,23.0,Bundesliga,CM,20000000.0,0,2146,2,1.8065397748723626,2.503136751241982
Waldemar Anton,Borussia Dortmund,Germany,29.0,Bundesliga,CB,18000000.0,2,2250,0,1.7578401621431112,0.37024686951190233
Fábio Vieira,Hamburger SV,Portugal,25.0,Bundesliga,CM,18000000.0,5,1622,5,3.959945078007877,3.5006919782608747
Ezechiel Banzuzi,RB Leipzig,DR Congo,21.0,Bundesliga,CM,18000000.0,0,489,1,1.1647295914590359,0.353797547519207
Leopold Querfeld,1.FC Union Berlin,Austria,22.0,Bundesliga,CB,18000000.0,2,2340,0,3.5371375679969788,2.0385183691978455
Hiroki Ito,Bayern Munich,Japan,26.0,Bundesliga,CB,18000000.0,1,493,2,1.4641361720860004,0.598396485671401
Yuito Suzuki,SC Freiburg,Japan,24.0,Bundesliga,ST,18000000.0,4,1453,2,4.058217540383339,2.0193815995007753
Maximilian Mittelstädt,VfB Stuttgart,Germany,29.0,Bundesliga,CB,18000000.0,4,1714,4,3.5066699385643005,4.706905458122492
Nadiem Amiri,1.FSV Mainz 05,Germany,29.0,Bundesliga,CM,17000000.0,10,1667,2,7.3520552739501,4.181111939251423
Alexis Claude-Maurice,FC Augsburg,France,27.0,Bundesliga,CM,15000000.0,4,1708,4,4.77810719050467,2.284228654578328
Robin Koch,Eintracht Frankfurt,Germany,29.0,Bundesliga,CB,15000000.0,3,2210,1,1.8568208049982786,0.27713763155043125
Patrick Wimmer,VfL Wolfsburg,Austria,24.0,Bundesliga,ST,15000000.0,3,1230,3,2.470255134627223,0.6412104349583387
Ansgar Knauff,Eintracht Frankfurt,Germany,24.0,Bundesliga,ST,15000000.0,4,1000,1,3.3573346063494682,2.6085463538765907
Chema Andrés,VfB Stuttgart,Spain,20.0,Bundesliga,CM,15000000.0,1,935,0,0.9713077396154404,0.3122939420863986
Tiago Tomás,VfB Stuttgart,Portugal,23.0,Bundesliga,ST,15000000.0,4,797,2,4.151520639657974,1.1570146046578884
Paul Nebel,1.FSV Mainz 05,Germany,23.0,Bundesliga,CM,15000000.0,4,1492,1,3.7080252841115,3.831310987472534
Lautaro Martínez,Inter Milan,Argentina,28.0,Serie_A,ST,85000000.0,14,1928,4,14.574753515422344,5.348652716726065
Alessandro Bastoni,Inter Milan,Italy,26.0,Serie_A,CB,70000000.0,1,2029,4,1.6497777961194515,3.027698891237378
Nico Paz,Como 1907,Argentina,21.0,Serie_A,CM,65000000.0,10,2406,6,8.010856898501515,5.414033085107803
Rafael Leão,AC Milan,Portugal,26.0,Serie_A,ST,65000000.0,9,1500,2,8.16054668277502,3.5112781152129173
Christian Pulisic,AC Milan,United States,27.0,Serie_A,ST,50000000.0,8,1294,3,8.624336488544941,4.145702579990029
Rasmus Højlund,SSC Napoli,Denmark,23.0,Serie_A,ST,50000000.0,10,2203,2,11.548492453992367,2.123066196218133
Marcus Thuram,Inter Milan,France,28.0,Serie_A,ST,50000000.0,7,1491,3,8.905336204916239,2.8599590118974447
Nicolò Barella,Inter Milan,Italy,29.0,Serie_A,CM,50000000.0,1,2020,7,2.898268112912774,7.491370972245932
Federico Dimarco,Inter Milan,Italy,28.0,Serie_A,CB,50000000.0,6,2232,13,6.17091453447938,12.869389854371548
Scott McTominay,SSC Napoli,Scotland,29.0,Serie_A,CM,45000000.0,7,2078,3,7.822556588798761,1.6346898712217808
Éderson,Atalanta BC,Brazil,26.0,Serie_A,CM,40000000.0,1,1710,0,4.378498808480799,1.4682106971740723
Yann Bisseck,Inter Milan,Germany,25.0,Serie_A,CB,40000000.0,2,1566,1,2.366162436082959,0.6501033678650856
Moise Kean,ACF Fiorentina,Italy,26.0,Serie_A,ST,40000000.0,8,1965,1,15.358143091201782,0.06300319917500019
Wesley,AS Roma,Brazil,22.0,Serie_A,CB,40000000.0,4,2130,0,2.3235203810036182,4.544415947049856
Santiago Castro,Bologna FC 1909,Argentina,21.0,Serie_A,ST,35000000.0,7,1805,2,6.325287845917046,2.550250258296728
Alessandro Buongiorno,SSC Napoli,Italy,26.0,Serie_A,CB,35000000.0,0,1926,1,1.5551931895315647,0.2635176181793213
Charles De Ketelaere,Atalanta BC,Belgium,25.0,Serie_A,CM,35000000.0,3,1643,3,3.667718194425106,8.626153141260147
Strahinja Pavlović,AC Milan,Serbia,24.0,Serie_A,CB,35000000.0,4,2156,1,2.883064480498433,0.6053832489997149
Ange-Yoan Bonny,Inter Milan,Cote d'Ivoire,22.0,Serie_A,ST,35000000.0,5,791,3,3.9196958746761084,1.7661503348499537
Dušan Vlahović,Juventus FC,Serbia,26.0,Serie_A,ST,35000000.0,3,694,1,4.618957936763763,0.48437653481960297
Donyell Malen,AS Roma,Netherlands,27.0,Serie_A,ST,35000000.0,7,814,0,7.696999326348305,0.10793914645910263
Mile Svilar,AS Roma,Serbia,26.0,Serie_A,GK,35000000.0,0,2700,0,0,0
Evan Ndicka,AS Roma,Cote d'Ivoire,26.0,Serie_A,CB,35000000.0,3,2110,0,2.2063370011746883,0.5625489521771669
Bremer,Juventus FC,Brazil,29.0,Serie_A,CB,35000000.0,3,1557,3,1.869823514483869,0.4107095804065466
Matías Soulé,AS Roma,Argentina,22.0,Serie_A,ST,35000000.0,6,1730,4,3.7469464000314474,3.127205935306847
Loïs Openda,Juventus FC,Belgium,26.0,Serie_A,ST,32000000.0,1,629,0,3.6466977363452315,0.5982526540756226
Pierre Kalulu,Juventus FC,France,25.0,Serie_A,CB,32000000.0,1,2561,3,1.0853796228766441,4.508488772436976
Francisco Conceição,Juventus FC,Portugal,23.0,Serie_A,ST,30000000.0,3,1495,3,5.628825683146715,2.147287953644991
Marco Palestra,Cagliari Calcio,Italy,21.0,Serie_A,CB,30000000.0,1,2517,4,1.154845249839127,3.621552729047835
Jesús Rodríguez,Como 1907,Spain,20.0,Serie_A,ST,30000000.0,1,1540,7,3.7482339087873697,5.440101124346256
Assane Diao,Como 1907,Senegal,20.0,Serie_A,ST,30000000.0,1,443,1,1.0109610632061958,0.9118638392537832
Máximo Perrone,Como 1907,Argentina,23.0,Serie_A,CM,30000000.0,3,2158,4,2.3424457646906376,2.1492948215454817
Mario Gila,SS Lazio,Spain,25.0,Serie_A,CB,30000000.0,0,2243,0,1.1164315035566688,0.718289490789175
Giorgio Scalvini,Atalanta BC,Italy,22.0,Serie_A,CB,30000000.0,2,1226,0,3.366627663373947,0.43265821412205696
Petar Sučić,Inter Milan,Croatia,22.0,Serie_A,CM,30000000.0,1,1293,2,1.9561552703380585,2.7749654836952686
Weston McKennie,Juventus FC,United States,27.0,Serie_A,CM,30000000.0,4,2230,4,6.504627022892237,3.9983751866966486
Andrea Cambiaso,Juventus FC,Italy,26.0,Serie_A,CB,30000000.0,3,2231,3,2.636385602876544,4.427487708628178
Ardon Jashari,AC Milan,Switzerland,23.0,Serie_A,CM,30000000.0,0,459,1,0.2340139765292406,1.0659729093313217
Christopher Nkunku,AC Milan,France,28.0,Serie_A,ST,28000000.0,5,1006,3,7.36657902598381,1.3828837107867002
David Neres,SSC Napoli,Brazil,29.0,Serie_A,ST,28000000.0,3,932,3,1.484556145966053,3.786104552447796
Carlos Augusto,Inter Milan,Brazil,27.0,Serie_A,CB,26000000.0,1,1231,1,1.6097844615578651,1.1390730757266283
Manuel Locatelli,Juventus FC,Italy,28.0,Serie_A,CM,25000000.0,1,2311,2,1.9922326682135463,3.202031840570271
Jhon Lucumí,Bologna FC 1909,Colombia,27.0,Serie_A,CB,25000000.0,1,1652,0,1.2083417065441608,0.14247062802314758
Honest Ahanor,Atalanta BC,Italy,18.0,Serie_A,CB,25000000.0,0,1016,0,2.1688793301582336,0
Mike Maignan,AC Milan,France,30.0,Serie_A,GK,25000000.0,0,2576,0,0,0
Jacobo Ramón,Como 1907,Spain,21.0,Serie_A,CB,25000000.0,2,2251,0,3.9043560288846493,0.9999716505408287
Alexis Saelemaekers,AC Milan,Belgium,26.0,Serie_A,CM,25000000.0,2,2310,3,2.7036973582580686,4.064855952747166
Samuele Ricci,AC Milan,Italy,24.0,Serie_A,CM,25000000.0,1,1032,3,2.019786413758993,2.3694149907678366
Denzel Dumfries,Inter Milan,Netherlands,29.0,Serie_A,CB,25000000.0,1,936,0,2.3977499287575483,1.3757358752191067
Gianluca Scamacca,Atalanta BC,Italy,27.0,Serie_A,ST,25000000.0,8,1146,1,8.21346314623952,1.2116308640688658
Evan Ferguson,AS Roma,Ireland,21.0,Serie_A,ST,25000000.0,3,777,2,3.4807619526982307,1.6862706486135721
Youssouf Fofana,AC Milan,France,27.0,Serie_A,CM,25000000.0,2,1758,3,4.189222369343042,3.434199744835496
Nikola Krstović,Atalanta BC,Montenegro,25.0,Serie_A,ST,25000000.0,8,1235,4,11.797820337116718,2.5268517080694437
Sam Beukema,SSC Napoli,Netherlands,27.0,Serie_A,CB,25000000.0,2,1323,0,1.6492872759699821,0.35502966307103634
Marco Carnesecchi,Atalanta BC,Italy,25.0,Serie_A,GK,25000000.0,0,2700,0,0,0
Martin Baturina,Como 1907,Croatia,23.0,Serie_A,CM,24000000.0,6,1025,3,1.2057878719642758,4.641571141779423
Nicolò Rovella,SS Lazio,Italy,24.0,Serie_A,CM,23000000.0,0,339,1,0.01711762323975563,1.4522087695077062
Pietro Comuzzo,ACF Fiorentina,Italy,21.0,Serie_A,CB,23000000.0,1,1436,0,0.7991757988929749,0.04436711315065622
Davide Bartesaghi,AC Milan,Italy,20.0,Serie_A,CB,23000000.0,2,1868,0,1.2708141598850489,3.057926047593355
Luis Henrique,Inter Milan,Brazil,24.0,Serie_A,CM,23000000.0,1,1421,2,1.0236223861575127,2.095383860170841
Koni De Winter,AC Milan,Belgium,23.0,Serie_A,CB,23000000.0,1,1542,1,0.7965529607608914,0.6188074201345444
Davide Frattesi,Inter Milan,Italy,26.0,Serie_A,CM,22000000.0,0,473,0,1.9305415898561478,0.5798975229263306
Giacomo Raspadori,Atalanta BC,Italy,26.0,Serie_A,ST,22000000.0,1,270,1,1.5886186063289642,0.4990691989660263
Isak Hien,Atalanta BC,Sweden,27.0,Serie_A,CB,22000000.0,1,1739,0,1.0443096067756414,0.05975300073623657
Lucas Da Cunha,Como 1907,France,24.0,Serie_A,CM,20000000.0,3,2110,3,4.57911426667124,4.50806725025177
Kenneth Taylor,SS Lazio,Netherlands,23.0,Serie_A,CM,20000000.0,3,972,0,1.9627008941024542,0.4335441179573536
Fikayo Tomori,AC Milan,England,28.0,Serie_A,CB,20000000.0,0,2149,2,0.594410877674818,1.0016300892457366
Matteo Gabbia,AC Milan,Italy,26.0,Serie_A,CB,20000000.0,0,1991,0,1.4391436912119389,0.05194440949708223
Jonathan Rowe,Bologna FC 1909,England,22.0,Serie_A,ST,20000000.0,1,1168,1,3.3354661259800196,2.0155064929276705
Oumar Solet,Udinese Calcio,France,26.0,Serie_A,CB,20000000.0,3,2242,1,2.592456222511828,1.4178581573069096
Lloyd Kelly,Juventus FC,England,27.0,Serie_A,CB,20000000.0,1,2293,0,0.5868196794763207,0.7107013165950775
Jayden Addai,Como 1907,Netherlands,20.0,Serie_A,ST,20000000.0,3,688,0,1.5144574735313654,1.0214554481208324
Vanja Milinković-Savić,SSC Napoli,Serbia,29.0,Serie_A,GK,20000000.0,0,1890,0,0,0.19637877494096756
Nicola Zalewski,Atalanta BC,Poland,24.0,Serie_A,CM,20000000.0,2,1477,4,2.72246977686882,4.754602997563779
Adrien Rabiot,AC Milan,France,30.0,Serie_A,CM,20000000.0,5,1826,4,2.971478920429945,3.5993717405945063
Billy Gilmour,SSC Napoli,Scotland,24.0,Serie_A,CM,20000000.0,1,700,0,0.5162047650665045,0.45512202847748995
Tarik Muharemović,US Sassuolo,Bosnia-Herzegovina,23.0,Serie_A,CB,20000000.0,2,2297,2,2.3314169202931225,0.847775200381875
Niccolò Pisilli,AS Roma,Italy,21.0,Serie_A,CM,20000000.0,1,746,2,1.3745494149625301,1.2169616408646107
Ismaël Koné,US Sassuolo,Canada,23.0,Serie_A,CM,20000000.0,5,2213,0,3.5827317852526903,1.5349277285858989
Neil El Aynaoui,AS Roma,Morocco,24.0,Serie_A,CM,20000000.0,0,621,1,0.16730844788253307,0.642777256667614
Teun Koopmeiners,Juventus FC,Netherlands,28.0,Serie_A,CM,20000000.0,0,1604,0,1.7667940743267536,0.623254019767046
Santiago Gimenez,AC Milan,Mexico,24.0,Serie_A,ST,20000000.0,0,649,0,3.3246460631489754,0.17578115686774254
Zion Suzuki,Parma Calcio 1913,Japan,23.0,Serie_A,GK,20000000.0,0,1170,0,0,0
Manuel Akanji,Inter Milan,Switzerland,30.0,Serie_A,CB,18000000.0,2,2364,0,2.2031501941382885,0.20702211000025272
Lewis Ferguson,Bologna FC 1909,Scotland,26.0,Serie_A,CM,18000000.0,1,1175,0,0.5634688977152109,1.4110879134386778
Dodô,ACF Fiorentina,Brazil,27.0,Serie_A,CB,18000000.0,1,2528,2,1.2677032696083188,4.076500793918967
Hakan Çalhanoğlu,Inter Milan,Türkiye,32.0,Serie_A,CM,18000000.0,8,1427,2,5.023795718327165,3.23459910787642
Kamaldeen Sulemana,Atalanta BC,Ghana,24.0,Serie_A,ST,18000000.0,2,879,1,2.248252622783184,1.849519582465291
Odilon Kossounou,Atalanta BC,Cote d'Ivoire,25.0,Serie_A,CB,18000000.0,1,893,0,0.26420524157583714,0.19520016759634018
Riccardo Orsolini,Bologna FC 1909,Italy,29.0,Serie_A,ST,18000000.0,7,1727,1,8.167930148541927,1.4237860459834337
Mandela Keita,Parma Calcio 1913,Belgium,23.0,Serie_A,CM,18000000.0,0,2356,1,0.23503503389656544,0.28389536030590534
Raoul Bellanova,Atalanta BC,Italy,25.0,Serie_A,CM,18000000.0,0,1161,1,0.5010053906589746,1.3496409468352795
Andy Diouf,Inter Milan,France,22.0,Serie_A,CM,18000000.0,0,208,0,0.3741707131266594,1.2294243555516005
Vitinha,Paris Saint-Germain,Portugal,26.0,Ligue_1,CM,110000000.0,1,1951,7,0.890582175925374,3.4552896190434694
João Neves,Paris Saint-Germain,Portugal,21.0,Ligue_1,CM,110000000.0,5,1004,1,2.70427505671978,1.797830231487751
Ousmane Dembélé,Paris Saint-Germain,France,28.0,Ligue_1,ST,100000000.0,8,740,5,4.905307702720165,3.9256661906838417
Khvicha Kvaratskhelia,Paris Saint-Germain,Georgia,25.0,Ligue_1,ST,90000000.0,4,1159,3,5.376902777701616,4.5304981879889965
Désiré Doué,Paris Saint-Germain,France,20.0,Ligue_1,ST,90000000.0,5,933,2,7.340775988996029,3.0129862893372774
Achraf Hakimi,Paris Saint-Germain,Morocco,27.0,Ligue_1,CB,80000000.0,2,1090,1,2.231421809643507,0.8122581765055656
Nuno Mendes,Paris Saint-Germain,Portugal,23.0,Ligue_1,CB,75000000.0,4,1215,4,3.76881018653512,5.026202792301774
Bradley Barcola,Paris Saint-Germain,France,23.0,Ligue_1,ST,70000000.0,10,1340,1,9.821227848529816,4.046997956931591
Mason Greenwood,Olympique Marseille,England,24.0,Ligue_1,ST,50000000.0,15,2035,4,12.55279104784131,5.4081055065616965
Warren Zaïre-Emery,Paris Saint-Germain,France,20.0,Ligue_1,CM,50000000.0,2,2126,4,2.0485235983505845,3.7308402908965945
Maghnes Akliouche,AS Monaco,France,24.0,Ligue_1,ST,45000000.0,6,1910,3,5.839604685083032,4.066397324204445
Ethan Nwaneri,Olympique Marseille,England,19.0,Ligue_1,CM,40000000.0,2,287,1,0.8378488328307867,0.979939728975296
Ayyoub Bouaddi,LOSC Lille,France,18.0,Ligue_1,CM,40000000.0,0,1869,1,0.9921961771324277,1.515459575690329
Senny Mayulu,Paris Saint-Germain,France,19.0,Ligue_1,CM,40000000.0,3,1236,4,3.3705584071576595,2.9051930215209723
Lucas Chevalier,Paris Saint-Germain,France,24.0,Ligue_1,GK,35000000.0,0,1530,0,0,0
Gonçalo Ramos,Paris Saint-Germain,Portugal,24.0,Ligue_1,ST,35000000.0,5,1002,1,7.1999732200056314,1.3279531383886933
Igor Paixão,Olympique Marseille,Brazil,25.0,Ligue_1,ST,35000000.0,5,1545,5,3.9321896601468325,2.153618650510907
Marquinhos,Paris Saint-Germain,Brazil,31.0,Ligue_1,CB,30000000.0,0,770,0,0.02735482156276703,0.03297148831188679
Lamine Camara,AS Monaco,Senegal,22.0,Ligue_1,CM,30000000.0,0,1401,4,0.9326223935931921,4.007170242257416
Malick Fofana,Olympique Lyon,Belgium,20.0,Ligue_1,ST,30000000.0,2,753,1,2.6917807161808014,2.1723336465656757
Amine Gouiri,Olympique Marseille,Algeria,26.0,Ligue_1,ST,28000000.0,6,875,2,5.871752489358187,1.492222175002098
Arthur Vermeeren,Olympique Marseille,Belgium,21.0,Ligue_1,CM,28000000.0,0,608,1,0.03541344963014126,0.20617069862782955
Rémi Himbert,Unknown,Unknown,,Ligue_1,ST,1500000.0,1,114,0,1.1806120872497559,0
Believe Munongo,Unknown,Unknown,,Ligue_1,CM,1000000.0,0,307,0,0.13874831423163414,0.09088197723031044
Kenny Quetant,Unknown,Unknown,,Ligue_1,ST,150000.0,1,378,0,0.9725517965853214,0.023090220987796783
Noam Obougou,Unknown,Unknown,,Ligue_1,ST,150000.0,1,84,0,0.16073566116392612,0
Endrick,Olympique Lyon,Brazil,19.0,Ligue_1,ST,25000000.0,3,708,4,4.127919487655163,2.4502225890755653
Denis Zakaria,AS Monaco,Switzerland,29.0,Ligue_1,CM,25000000.0,2,1409,1,1.7032373324036598,1.360045701265335
Quinten Timber,Olympique Marseille,Netherlands,24.0,Ligue_1,CM,25000000.0,0,736,0,0.9737968035042286,0.36633574962615967
Ibrahim Mbaye,Paris Saint-Germain,Senegal,18.0,Ligue_1,ST,25000000.0,1,822,2,2.2309685610234737,2.0890944097191095
Valentín Barco,RC Strasbourg Alsace,Argentina,21.0,Ligue_1,CM,25000000.0,1,2001,4,2.3856850285083055,5.236815258860588
Joaquín Panichelli,RC Strasbourg Alsace,Argentina,23.0,Ligue_1,ST,25000000.0,16,2202,1,14.715991329401731,2.9524750281125307
Folarin Balogun,AS Monaco,United States,24.0,Ligue_1,ST,22000000.0,9,1669,4,11.532469162717462,3.4303453508764505
Mika Biereth,AS Monaco,Denmark,23.0,Ligue_1,ST,22000000.0,2,1009,2,3.207695998251438,1.979857835918665
Simon Adingra,AS Monaco,Cote d'Ivoire,24.0,Ligue_1,ST,22000000.0,3,446,0,1.3968284279108047,0.14014898613095284
Lucas Hernández,Paris Saint-Germain,France,30.0,Ligue_1,CB,20000000.0,0,1250,2,0.2572824377566576,1.1041348986327648
Vanderson,AS Monaco,Brazil,24.0,Ligue_1,CB,20000000.0,0,609,2,0.1478172391653061,1.3581282254308462
Guillaume Restes,FC Toulouse,France,21.0,Ligue_1,GK,20000000.0,0,2403,0,0,0.061214763671159744
Matthis Abline,FC Nantes,France,22.0,Ligue_1,ST,20000000.0,5,1986,3,6.236143110319972,3.200580997392535
Matías Fernández-Pardo,LOSC Lille,Spain,21.0,Ligue_1,ST,20000000.0,5,1783,4,6.944146443158388,3.7840637043118477
Benjamin Pavard,Olympique Marseille,France,29.0,Ligue_1,CB,20000000.0,1,1481,2,0.7761205099523067,1.7946659661829472
Timothy Weah,Olympique Marseille,United States,26.0,Ligue_1,CM,20000000.0,2,1884,2,2.495731550268829,2.7056893035769463
Facundo Medina,Olympique Marseille,Argentina,26.0,Ligue_1,CB,20000000.0,0,841,0,0.10691040940582752,0.07278835028409958
Leonardo Balerdi,Olympique Marseille,Argentina,27.0,Ligue_1,CB,20000000.0,0,1443,1,1.238036636263132,0.22382300347089767
Jérémy Jacquet,Stade Rennais FC,France,20.0,Ligue_1,CB,20000000.0,0,1678,0,0.7883376181125641,0.5708747990429401
Julio Enciso,RC Strasbourg Alsace,Paraguay,22.0,Ligue_1,CM,20000000.0,1,1442,2,4.661674277856946,2.315237496048212
Thilo Kehrer,AS Monaco,Germany,29.0,Ligue_1,CB,18000000.0,0,1830,0,1.4407017305493355,0.08643912151455879
Aleksandr Golovin,AS Monaco,Russia,29.0,Ligue_1,CM,18000000.0,4,1444,5,4.032124305143952,2.1540572457015514
Pierre-Emile Højbjerg,Olympique Marseille,Denmark,30.0,Ligue_1,CM,18000000.0,2,2105,4,2.949013924226165,3.1220433600246906
Hamza Igamane,LOSC Lille,Morocco,23.0,Ligue_1,ST,18000000.0,5,406,1,3.7606138456612825,0.6632731482386589
Diego Moreira,RC Strasbourg Alsace,Belgium,21.0,Ligue_1,CM,18000000.0,3,1860,5,1.6906429044902325,6.677227875217795
Guéla Doué,RC Strasbourg Alsace,Cote d'Ivoire,23.0,Ligue_1,CB,18000000.0,2,1705,5,1.8245076457969844,1.881382867693901
Tyler Morton,Olympique Lyon,England,23.0,Ligue_1,CM,18000000.0,2,2046,2,1.8578537218272686,2.3909312272444367
Ismaël Doukouré,RC Strasbourg Alsace,France,22.0,Ligue_1,CB,18000000.0,0,1681,1,0.5101161524653435,0.6806409554556012
Caio Henrique,AS Monaco,Brazil,28.0,Ligue_1,CB,15000000.0,0,1521,1,0.19101067632436752,2.675951985642314
Matvey Safonov,Paris Saint-Germain,Russia,27.0,Ligue_1,GK,15000000.0,0,810,0,0,0.09814166277647018
Mamadou Sangaré,RC Lens,Mali,23.0,Ligue_1,CM,15000000.0,3,1897,3,2.7283509504050016,1.8972277902066708
Christian Mawissa,AS Monaco,France,20.0,Ligue_1,CB,15000000.0,0,630,0,0.29555004835128784,0.2470102608203888
Charlie Cresswell,FC Toulouse,England,23.0,Ligue_1,CB,15000000.0,3,2160,2,3.023215001448989,1.152479212731123
Ludovic Blas,Stade Rennais FC,France,28.0,Ligue_1,CM,15000000.0,4,1019,3,3.8943720450624824,4.9012971594929695
Estéban Lepaul,Stade Rennais FC,France,25.0,Ligue_1,ST,15000000.0,14,2132,3,10.985591147094965,1.8858725521713495
Djaoui Cissé,Stade Rennais FC,France,22.0,Ligue_1,CM,15000000.0,0,942,0,0.7663131225854158,0.727335138246417
Sebastian Nanasi,RC Strasbourg Alsace,Sweden,23.0,Ligue_1,CM,15000000.0,3,512,1,3.0800328999757767,1.5003060474991798
Moussa Niakhaté,Olympique Lyon,Senegal,30.0,Ligue_1,CB,15000000.0,0,2120,2,0.17097577545791864,0.7531700320541859
Mike Penders,RC Strasbourg Alsace,Belgium,20.0,Ligue_1,GK,15000000.0,0,2340,0,0,0
Samson Baidoo,RC Lens,Austria,21.0,Ligue_1,CB,12000000.0,2,1544,1,2.378174432553351,0.4557065162807703
Mohamed-Ali Cho,OGC Nice,France,22.0,Ligue_1,ST,12000000.0,4,1246,3,3.2169126383960247,3.177031572908163
Tiago Santos,LOSC Lille,Portugal,23.0,Ligue_1,CB,12000000.0,0,704,0,0.48075664788484573,0.7291203085333109
Yann Gboho,FC Toulouse,France,25.0,Ligue_1,ST,12000000.0,8,2262,3,4.700938042253256,3.4252792093902826
Ngal'ayel Mukau,LOSC Lille,DR Congo,21.0,Ligue_1,CM,12000000.0,1,1058,0,2.3549841325730085,0.25454484578222036
Ben Chilwell,RC Strasbourg Alsace,England,29.0,Ligue_1,CB,12000000.0,0,1552,2,0.29087650403380394,1.4190899282693863
Lucas Høgsberg,RC Strasbourg Alsace,Denmark,19.0,Ligue_1,CB,12000000.0,0,1325,0,0.2162238508462906,0
Aarón Anselmino,RC Strasbourg Alsace,Argentina,20.0,Ligue_1,CB,12000000.0,0,2,0,0,0
Ilan Kebbal,Paris FC,Algeria,27.0,Ligue_1,ST,12000000.0,8,1984,4,5.371192855760455,3.5832367576658726
CJ Egan-Riley,Olympique Marseille,England,23.0,Ligue_1,CB,12000000.0,0,547,0,0,0.5053555741906166
Breel Embolo,Stade Rennais FC,Switzerland,29.0,Ligue_1,ST,12000000.0,6,1400,3,5.4846191462129354,1.4250572575256228
Sebastian Szymanski,Stade Rennais FC,Poland,26.0,Ligue_1,CM,12000000.0,1,480,2,0.38264207914471626,1.1016834452748299
Tylel Tati,FC Nantes,France,18.0,Ligue_1,CB,12000000.0,0,1690,0,0.49682298488914967,0.015462798997759819
Quentin Merlin,Stade Rennais FC,France,23.0,Ligue_1,CB,12000000.0,1,1904,3,1.664761358872056,3.230303891003132
Corentin Tolisso,Olympique Lyon,France,31.0,Ligue_1,CM,12000000.0,7,1914,1,8.096649084240198,3.420297489501536
Marshall Munetsi,Paris FC,Zimbabwe,29.0,Ligue_1,CM,12000000.0,3,597,0,3.053344577550888,0.10197459161281586
Pavel Sulc,Olympique Lyon,Czech Republic,25.0,Ligue_1,CM,12000000.0,10,1355,3,7.525751184672117,3.1750935055315495
Tanner Tessmann,Olympique Lyon,United States,24.0,Ligue_1,CM,12000000.0,1,1796,0,2.5335096772760153,1.3600170742720366
Wout Faes,AS Monaco,Belgium,27.0,Ligue_1,CB,12000000.0,0,658,0,0.5434142965823412,0
Takumi Minamino,AS Monaco,Japan,31.0,Ligue_1,ST,12000000.0,3,976,2,3.3724637255072594,2.100285714492202
Jordan Teze,AS Monaco,Netherlands,26.0,Ligue_1,CB,12000000.0,0,1955,1,0.32239256147295237,3.1036167796701193
Dro Fernández,Paris Saint-Germain,Spain,18.0,Ligue_1,CM,10000000.0,1,236,0,0.8376500084996223,0.06090279668569565
Robin Risser,RC Lens,France,21.0,Ligue_1,GK,10000000.0,0,2430,1,0,0.07071572728455067
Brice Samba,Stade Rennais FC,France,31.0,Ligue_1,GK,10000000.0,0,2340,0,0,0.05737973563373089
Nathan Ngoy,LOSC Lille,Belgium,22.0,Ligue_1,CB,10000000.0,1,1857,2,1.3962279465049505,1.2294035255908966
Kévin Danois,AJ Auxerre,France,21.0,Ligue_1,CM,10000000.0,2,2223,1,1.674341183155775,4.050621071830392
