Player,Team,Nationality,Age,League,MarketValue,goals,time,assists,xG,xA,Valor_IA,Error,Origen
Lamine Yamal,FC Barcelona,Spain,18.0,La_Liga,200000000.0,14,2058,9,11.81193819642067,11.09273935854435,78285208.5896883,-121714791.4103117,Validación (Test)
Kylian Mbappé,Real Madrid,France,27.0,La_Liga,200000000.0,23,2066,4,21.64780845120549,6.512941654771566,72027992.22721358,-127972007.77278642,Entrenamiento (Train)
Pedri,FC Barcelona,Spain,23.0,La_Liga,150000000.0,2,1462,7,2.22481007874012,4.546026181429625,37982260.55622452,-112017739.44377548,Entrenamiento (Train)
Vinicius Junior,Real Madrid,Brazil,25.0,La_Liga,150000000.0,11,2220,5,12.23895648866892,5.269209910184145,51851765.1354316,-98148234.8645684,Entrenamiento (Train)
Jude Bellingham,Real Madrid,England,22.0,La_Liga,140000000.0,4,1313,3,6.213099502027035,2.522140357643366,35324260.60396646,-104675739.39603354,Entrenamiento (Train)
Federico Valverde,Real Madrid,Uruguay,27.0,La_Liga,120000000.0,4,2315,7,1.85920100659132,4.4698388539254665,39224544.88039709,-80775455.11960292,Entrenamiento (Train)
Fermín López,FC Barcelona,Spain,22.0,La_Liga,100000000.0,5,1307,8,5.307659815996885,6.7624260894954205,46346866.69556058,-53653133.30443942,Entrenamiento (Train)
Julián Alvarez,Atlético de Madrid,Argentina,26.0,La_Liga,90000000.0,8,1926,4,8.894600672647357,6.265264900401235,44964061.08233292,-45035938.91766708,Entrenamiento (Train)
Arda Güler,Real Madrid,Türkiye,21.0,La_Liga,90000000.0,4,1901,8,4.680065466091037,8.10534912161529,49619835.837456495,-40380164.162543505,Entrenamiento (Train)
Raphinha,FC Barcelona,Brazil,29.0,La_Liga,80000000.0,11,1336,3,9.96858157776296,5.760370654985309,42368043.43105447,-37631956.56894553,Validación (Test)
Pau Cubarsí,FC Barcelona,Spain,19.0,La_Liga,80000000.0,1,2130,0,0.5516378730535507,0.3548167273402214,28924510.600804243,-51075489.39919576,Entrenamiento (Train)
Aurélien Tchouaméni,Real Madrid,France,26.0,La_Liga,75000000.0,1,2175,0,2.464325461536646,2.21974641084671,28829431.598901514,-46170568.40109849,Validación (Test)
Jules Koundé,FC Barcelona,France,27.0,La_Liga,65000000.0,1,1894,3,2.112115003168583,4.20784854143858,32076663.5075282,-32923336.4924718,Entrenamiento (Train)
Dean Huijsen,Real Madrid,Spain,20.0,La_Liga,65000000.0,2,1596,2,2.2335619535297155,1.1454473715275526,31198814.06420627,-33801185.93579373,Entrenamiento (Train)
Trent Alexander-Arnold,Real Madrid,England,27.0,La_Liga,65000000.0,0,670,3,0.2227365858852863,1.3736030645668509,25734532.456617337,-39265467.54338266,Entrenamiento (Train)
Pablo Barrios,Atlético de Madrid,Spain,22.0,La_Liga,60000000.0,1,1591,1,1.4028489515185356,1.6999459583312273,29046501.614911646,-30953498.385088354,Validación (Test)
Dani Olmo,FC Barcelona,Spain,27.0,La_Liga,60000000.0,7,1527,6,7.493288075551391,4.715681498870254,41966173.27821427,-18033826.72178573,Entrenamiento (Train)
Ferran Torres,FC Barcelona,Spain,26.0,La_Liga,50000000.0,12,1599,1,13.690469084307551,2.1071850527077918,41315190.064089775,-8684809.935910225,Entrenamiento (Train)
Nico Williams,Athletic Bilbao,Spain,23.0,La_Liga,50000000.0,4,1335,2,4.948663843795657,3.842061704955995,34453980.493903525,-15546019.506096475,Entrenamiento (Train)
Eduardo Camavinga,Real Madrid,France,23.0,La_Liga,50000000.0,1,1150,0,1.0450459476560354,1.213536286726594,26406121.191909377,-23593878.808090623,Validación (Test)
Rodrygo,Real Madrid,Brazil,25.0,La_Liga,50000000.0,1,633,3,2.848481699824333,2.88282679207623,29310959.134462714,-20689040.865537286,Entrenamiento (Train)
Álex Baena,Atlético de Madrid,Spain,24.0,La_Liga,45000000.0,2,1101,2,1.5188072193413973,3.784933036193252,30424704.244465273,-14575295.755534727,Entrenamiento (Train)
Frenkie de Jong,FC Barcelona,Netherlands,28.0,La_Liga,45000000.0,1,1490,4,1.0822599418461325,4.611209314316511,31465621.47600806,-13534378.523991939,Validación (Test)
Franco Mastantuono,Real Madrid,Argentina,18.0,La_Liga,45000000.0,1,772,0,2.09313652664423,2.442584613338113,29003587.69352329,-15996412.306476709,Entrenamiento (Train)
Alberto Moleiro,Villarreal CF,Spain,22.0,La_Liga,40000000.0,9,1943,4,5.2085331454873085,4.693152310326695,43269586.627779074,3269586.627779074,Entrenamiento (Train)
Ademola Lookman,Atlético de Madrid,Nigeria,28.0,La_Liga,40000000.0,2,343,0,2.120290078222752,0.7812299206852913,23818988.82558512,-16181011.17441488,Validación (Test)
Giuliano Simeone,Atlético de Madrid,Argentina,23.0,La_Liga,40000000.0,3,1892,6,5.377896117046475,5.314427062869072,41769784.091974996,1769784.091974996,Entrenamiento (Train)
Marcus Rashford,FC Barcelona,England,28.0,La_Liga,40000000.0,4,1327,6,7.008541365154088,4.088109420612454,37829765.53506131,-2170234.4649386927,Entrenamiento (Train)
Joan García,FC Barcelona,Spain,24.0,La_Liga,40000000.0,0,2070,0,0.0,0.0,25967847.09728303,-14032152.902716968,Entrenamiento (Train)
Antony,Real Betis Balompié,Brazil,26.0,La_Liga,40000000.0,7,1896,5,6.596224976703525,5.417783286422491,42618700.35599562,2618700.355995618,Entrenamiento (Train)
Dávid Hancko,Atlético de Madrid,Slovakia,28.0,La_Liga,35000000.0,0,2122,2,0.987446265295148,2.1513782758265734,28383676.056469496,-6616323.943530504,Validación (Test)
Eric García,FC Barcelona,Spain,25.0,La_Liga,35000000.0,1,2192,1,3.304715894162655,1.553778799250722,29989364.28144307,-5010635.718556929,Entrenamiento (Train)
Mikel Jauregizar,Athletic Bilbao,Spain,22.0,La_Liga,35000000.0,2,2299,0,1.089722279459238,1.2458198824897408,29615017.2438409,-5384982.756159101,Entrenamiento (Train)
Oihan Sancet,Athletic Bilbao,Spain,25.0,La_Liga,35000000.0,3,1531,0,6.669009603559971,1.3745818119496107,30247535.578918338,-4752464.421081662,Validación (Test)
Brahim Díaz,Real Madrid,Morocco,26.0,La_Liga,35000000.0,0,662,4,0.8296769224107265,2.080521035939455,27698898.064875145,-7301101.9351248555,Entrenamiento (Train)
Vitor Reis,Girona FC,Brazil,20.0,La_Liga,30000000.0,1,2327,1,1.4675985500216484,0.8119628597050905,30701139.92520333,701139.9252033308,Entrenamiento (Train)
Gavi,FC Barcelona,Spain,21.0,La_Liga,30000000.0,0,55,1,0.0,0.1401124224066734,24167791.89351096,-5832208.10648904,Entrenamiento (Train)
Marc Bernal,FC Barcelona,Spain,18.0,La_Liga,30000000.0,2,503,1,0.9174209907650948,0.6727183200418949,27714866.544455793,-2285133.4555442072,Entrenamiento (Train)
Takefusa Kubo,Real Sociedad,Japan,24.0,La_Liga,30000000.0,2,1203,3,2.50237294472754,3.2718304209411144,31637752.233810563,1637752.2338105626,Entrenamiento (Train)
Gonzalo García,Real Madrid,Spain,22.0,La_Liga,30000000.0,4,641,0,4.135629843920469,0.9051337353885174,28333784.705478072,-1666215.2945219278,Validación (Test)
Georges Mikautadze,Villarreal CF,Georgia,25.0,La_Liga,28000000.0,9,1631,5,12.018502527847886,3.5720873419195414,45592607.163368344,17592607.163368344,Entrenamiento (Train)
Marc Pubill,Atlético de Madrid,Spain,22.0,La_Liga,28000000.0,0,838,1,0.2221174966543913,0.6268223077058792,25694345.832083225,-2305654.1679167747,Entrenamiento (Train)
Renato Veiga,Villarreal CF,Portugal,22.0,La_Liga,25000000.0,0,1833,0,0.1798072038218379,0.0500294882804155,26341988.63003833,1341988.6300383285,Validación (Test)
Robin Le Normand,Atlético de Madrid,Spain,29.0,La_Liga,25000000.0,1,1313,0,1.0887540504336355,0.0452499352395534,23843330.450786106,-1156669.5492138937,Entrenamiento (Train)
Carlos Romero,RCD Espanyol Barcelona,Spain,24.0,La_Liga,25000000.0,5,2408,2,2.5455135125666857,2.718666941858828,34666664.411414266,9666664.411414266,Entrenamiento (Train)
Gerard Martín,FC Barcelona,Spain,24.0,La_Liga,25000000.0,0,1466,0,0.2263313587754964,0.737631599418819,25497013.915241554,497013.9152415544,Entrenamiento (Train)
Jon Gorrotxategi,Real Sociedad,Spain,24.0,La_Liga,25000000.0,1,1927,3,0.7921612514182925,0.870845009572804,29687999.615926225,4687999.615926225,Validación (Test)
Mikel Oyarzabal,Real Sociedad,Spain,28.0,La_Liga,25000000.0,12,2210,3,13.63562272116542,5.215658290311694,48778063.11294499,23778063.11294499,Entrenamiento (Train)
Dani Vivian,Athletic Bilbao,Spain,26.0,La_Liga,25000000.0,1,2100,0,1.366984797641635,1.5774906277656555,27610982.47610431,2610982.4761043116,Entrenamiento (Train)
Unai Simón,Athletic Bilbao,Spain,28.0,La_Liga,25000000.0,0,2610,0,0.0,0.0318873859941959,25613291.35090129,613291.3509012908,Entrenamiento (Train)
Natan,Real Betis Balompié,Brazil,25.0,La_Liga,25000000.0,0,2267,0,0.3566119400784373,0.1875674026086926,26293729.460622914,1293729.4606229141,Entrenamiento (Train)
Éder Militão,Real Madrid,Brazil,28.0,La_Liga,25000000.0,1,1006,1,1.4660748494789004,1.0907561480998993,25261944.64169256,261944.64169256017,Entrenamiento (Train)
Marcos Llorente,Atlético de Madrid,Spain,31.0,La_Liga,22000000.0,0,1857,4,2.1275672614574432,4.157412007451057,30682348.95535898,8682348.955358978,Entrenamiento (Train)
Johnny Cardoso,Atlético de Madrid,United States,24.0,La_Liga,22000000.0,0,784,0,0.0442219888791441,0.3355124518275261,23911026.533567064,1911026.5335670635,Entrenamiento (Train)
Alexander Sørloth,Atlético de Madrid,Norway,30.0,La_Liga,20000000.0,10,1562,0,9.739260882139206,1.2237359210848808,33385171.20774684,13385171.207746841,Entrenamiento (Train)
Thiago Almada,Atlético de Madrid,Argentina,24.0,La_Liga,20000000.0,3,916,1,3.392496343702078,1.9072739090770483,28978161.02821227,8978161.028212272,Validación (Test)
Matteo Ruggeri,Atlético de Madrid,Italy,23.0,La_Liga,20000000.0,0,1331,3,0.1998444329947233,2.9691379573196173,29828886.42646237,9828886.42646237,Validación (Test)
Rodrigo Mendoza,Atlético de Madrid,Spain,21.0,La_Liga,20000000.0,1,1008,0,0.6250370051711798,0.8039742140099406,26337065.903958216,6337065.903958216,Validación (Test)
Jon Martín,Real Sociedad,Spain,19.0,La_Liga,20000000.0,0,1620,0,1.0390478884801269,0.1884760037064552,27522845.17792616,7522845.17792616,Entrenamiento (Train)
Ronald Araujo,FC Barcelona,Uruguay,27.0,La_Liga,20000000.0,3,808,0,2.221388068050146,0.0791825000196695,24910045.095182203,4910045.095182203,Entrenamiento (Train)
Marc Casadó,FC Barcelona,Spain,22.0,La_Liga,20000000.0,0,846,1,0.4599047219380736,0.4292725957930088,25667527.771606695,5667527.771606695,Entrenamiento (Train)
Thiago Pitarch,Real Madrid,Spain,18.0,La_Liga,20000000.0,0,285,0,0.1911620050668716,0.2106472104787826,24972473.329979993,4972473.329979993,Entrenamiento (Train)
Sergi Altimira,Real Betis Balompié,Spain,24.0,La_Liga,20000000.0,1,951,1,0.4064977653324604,0.5250933840870857,25641201.395766154,5641201.395766154,Entrenamiento (Train)
Víctor Muñoz,CA Osasuna,Spain,22.0,La_Liga,20000000.0,5,2317,2,6.418245373293757,2.028915739618242,37085780.36098026,17085780.360980257,Entrenamiento (Train)
Enzo Boyomo,CA Osasuna,Cameroon,24.0,La_Liga,20000000.0,1,1824,1,0.7986937370151281,1.3994310349225998,28209005.416442834,8209005.416442834,Entrenamiento (Train)
Óscar Mingueza,Celta de Vigo,Spain,26.0,La_Liga,18000000.0,1,1584,4,0.4965645000338554,2.792735720053315,30552684.529611293,12552684.529611293,Entrenamiento (Train)
Ander Barrenetxea,Real Sociedad,Spain,24.0,La_Liga,18000000.0,3,1382,3,2.28756211232394,5.709337087348104,34845980.770405404,16845980.770405404,Entrenamiento (Train)
Beñat Prados,Athletic Bilbao,Spain,25.0,La_Liga,18000000.0,0,87,0,0.0202444195747375,0.03657878190279,22227833.645635482,4227833.645635482,Entrenamiento (Train)
Thibaut Courtois,Real Madrid,Belgium,33.0,La_Liga,18000000.0,0,2520,0,0.0,0.0,23771352.626956843,5771352.626956843,Entrenamiento (Train)
Andrei Rațiu,Rayo Vallecano,Romania,27.0,La_Liga,18000000.0,0,2219,3,2.009364979341626,4.647295294329524,32663851.15709215,14663851.15709215,Entrenamiento (Train)
Jan Oblak,Atlético de Madrid,Slovenia,33.0,La_Liga,17000000.0,0,2340,0,0.0,0.0,23463737.2434932,6463737.243493199,Validación (Test)
Vladyslav Vanat,Girona FC,Ukraine,24.0,La_Liga,15000000.0,9,1992,1,9.496832385659218,2.104125237092376,38646938.003618896,23646938.003618896,Entrenamiento (Train)
Omar El Hilali,RCD Espanyol Barcelona,Morocco,22.0,La_Liga,15000000.0,0,2125,2,0.0136713292449712,1.4993599969893694,29688615.16546267,14688615.165462669,Validación (Test)
Juanlu Sánchez,Sevilla FC,Spain,22.0,La_Liga,15000000.0,0,1679,3,0.643406193703413,1.4024052396416664,29849826.814624887,14849826.814624887,Validación (Test)
Andriy Lunin,Real Madrid,Ukraine,27.0,La_Liga,15000000.0,0,90,0,0.0,0.0,21612460.797988586,6612460.797988586,Entrenamiento (Train)
Nahuel Molina,Atlético de Madrid,Argentina,27.0,La_Liga,15000000.0,2,1019,1,0.2873736880719661,1.352904925122857,25719051.69771104,10719051.69771104,Validación (Test)
Viktor Tsygankov,Girona FC,Ukraine,28.0,La_Liga,15000000.0,5,1868,4,4.829901099205017,3.101370452903211,35265892.69408033,20265892.69408033,Validación (Test)
Williot Swedberg,Celta de Vigo,Sweden,22.0,La_Liga,15000000.0,3,867,2,3.5519397780299187,1.229947291314602,30038964.055188745,15038964.055188745,Validación (Test)
Jan Virgili,RCD Mallorca,Spain,19.0,La_Liga,15000000.0,0,1476,4,1.8502737414091823,3.4738964876160026,34214661.18124261,19214661.181242608,Validación (Test)
Roony Bardghji,FC Barcelona,Sweden,20.0,La_Liga,15000000.0,1,362,1,1.4823282193392515,1.71273129619658,27346648.6437647,12346648.6437647,Validación (Test)
Miguel Román,Celta de Vigo,Spain,23.0,La_Liga,15000000.0,1,1297,0,1.1040805764496326,2.089981175027788,27406450.31737596,12406450.317375962,Entrenamiento (Train)
Jon Aramburu,Real Sociedad,Venezuela,23.0,La_Liga,15000000.0,1,2224,0,1.8415956757962704,0.3547795210033655,28223034.832126595,13223034.832126595,Entrenamiento (Train)
Claudio Echeverri,Girona FC,Argentina,20.0,La_Liga,15000000.0,1,250,1,1.0410882513970137,0.9266623705625534,26309729.270860713,11309729.270860713,Validación (Test)
Sergio Gómez,Real Sociedad,Spain,25.0,La_Liga,15000000.0,0,2073,2,0.7257826225832105,4.62374175619334,31501292.550448388,16501292.550448388,Entrenamiento (Train)
Julen Agirrezabala,Valencia CF,Spain,25.0,La_Liga,15000000.0,0,1620,0,0.0,0.0134038729593157,24810053.345789745,9810053.345789745,Entrenamiento (Train)
Aitor Paredes,Athletic Bilbao,Spain,25.0,La_Liga,15000000.0,1,1445,0,1.343791265040636,0.7405439838767052,26036041.377806984,11036041.377806984,Entrenamiento (Train)
Samú Costa,RCD Mallorca,Portugal,25.0,La_Liga,15000000.0,5,2070,0,2.3377073192968965,0.9610254997387528,29783122.637668766,14783122.637668766,Entrenamiento (Train)
Carlos Álvarez,Levante UD,Spain,22.0,La_Liga,15000000.0,3,1820,1,2.535831674002111,4.416497340425849,33683926.456132956,18683926.456132956,Entrenamiento (Train)
Erling Haaland,Manchester City,Norway,25.0,EPL,200000000.0,22,2439,7,23.13693391531706,4.766327390447259,79699433.63320322,-120300566.36679678,Entrenamiento (Train)
Declan Rice,Arsenal FC,England,27.0,EPL,120000000.0,4,2593,5,3.6364860106259584,7.149592153728008,42062509.15937029,-77937490.84062971,Entrenamiento (Train)
Bukayo Saka,Arsenal FC,England,24.0,EPL,120000000.0,6,2010,3,8.220870432443917,6.403588719666004,43327692.05533198,-76672307.94466802,Validación (Test)
Moisés Caicedo,Chelsea FC,Ecuador,24.0,EPL,110000000.0,3,2190,1,1.365458767861128,2.06601207703352,30819707.256649386,-79180292.74335061,Entrenamiento (Train)
Cole Palmer,Chelsea FC,England,23.0,EPL,110000000.0,9,1467,1,8.36176099255681,1.7686979342252016,36614290.8557009,-73385709.14429909,Entrenamiento (Train)
Florian Wirtz,Liverpool FC,Germany,22.0,EPL,110000000.0,4,2055,2,5.949139837175608,4.30497458204627,37940325.338492274,-72059674.66150773,Validación (Test)
Alexander Isak,Liverpool FC,Sweden,26.0,EPL,100000000.0,2,519,1,2.7675887029618025,0.8461103290319443,25862661.245240517,-74137338.75475949,Entrenamiento (Train)
Dominik Szoboszlai,Liverpool FC,Hungary,25.0,EPL,100000000.0,5,2606,3,3.809903386980295,5.6715395003557205,39812550.85611906,-60187449.14388094,Entrenamiento (Train)
Enzo Fernández,Chelsea FC,Argentina,25.0,EPL,90000000.0,8,2609,3,11.047037882730365,7.5162071362137794,50046307.752216846,-39953692.247783154,Entrenamiento (Train)
William Saliba,Arsenal FC,France,25.0,EPL,90000000.0,1,2069,0,1.5777585953474045,0.4255808107554912,27099816.331863567,-62900183.66813643,Entrenamiento (Train)
Ryan Gravenberch,Liverpool FC,Netherlands,23.0,EPL,90000000.0,4,2534,3,1.2909306352958083,2.10018627718091,34526510.933058865,-55473489.066941135,Entrenamiento (Train)
Hugo Ekitiké,Liverpool FC,France,23.0,EPL,90000000.0,11,1835,4,11.932188130915163,2.49130567535758,46136990.015912294,-43863009.984087706,Entrenamiento (Train)
Martín Zubimendi,Arsenal FC,Spain,27.0,EPL,80000000.0,5,2637,1,2.827678130939603,0.8698590472340584,31297094.965848688,-48702905.034151316,Entrenamiento (Train)
Estêvão,Chelsea FC,Brazil,18.0,EPL,80000000.0,2,771,2,3.76144253462553,2.7679440770298243,32503003.342988636,-47496996.65701136,Validación (Test)
Sandro Tonali,Newcastle United,Italy,25.0,EPL,80000000.0,0,2082,2,1.2549977814778686,2.814313603565097,30180092.836817455,-49819907.16318254,Entrenamiento (Train)
Morgan Rogers,Aston Villa,England,23.0,EPL,80000000.0,8,2770,5,5.7134534772485495,5.912384700030088,48005335.32022307,-31994664.67977693,Entrenamiento (Train)
Phil Foden,Manchester City,England,25.0,EPL,80000000.0,7,1821,3,6.085879135876894,4.706622212193906,39314016.88913352,-40685983.11086648,Entrenamiento (Train)
Alexis Mac Allister,Liverpool FC,Argentina,27.0,EPL,80000000.0,2,2209,2,3.471260673366487,1.874697717837989,30981776.748598162,-49018223.25140184,Entrenamiento (Train)
Bryan Mbeumo,Manchester United,Cameroon,26.0,EPL,80000000.0,9,2241,3,9.655202369205654,4.322720665484667,43471873.472452246,-36528126.527547754,Entrenamiento (Train)
João Pedro,Chelsea FC,Brazil,24.0,EPL,75000000.0,14,2345,5,14.15835139900446,3.9609613977372646,55438506.54862557,-19561493.451374426,Entrenamiento (Train)
Gabriel,Arsenal FC,Brazil,28.0,EPL,75000000.0,3,2167,4,3.203062755987048,2.645656555891037,33456825.789384414,-41543174.21061559,Entrenamiento (Train)
Bruno Guimarães,Newcastle United,Brazil,28.0,EPL,75000000.0,9,2022,4,5.774607993662357,3.148786906152964,38760448.398730986,-36239551.601269014,Entrenamiento (Train)
Antoine Semenyo,Manchester City,Ghana,26.0,EPL,75000000.0,15,2597,4,11.201724836602809,3.091043023392558,50238170.34031796,-24761829.659682043,Entrenamiento (Train)
Jurriën Timber,Arsenal FC,Netherlands,24.0,EPL,70000000.0,3,2475,5,4.030840836465359,2.5891424333676696,37660039.18897127,-32339960.811028726,Entrenamiento (Train)
Josko Gvardiol,Manchester City,Croatia,24.0,EPL,70000000.0,2,1307,2,1.818312879651785,0.4376047477126121,28159779.133967683,-41840220.86603232,Entrenamiento (Train)
Matheus Cunha,Manchester United,Brazil,26.0,EPL,70000000.0,7,2069,2,5.403650408610702,2.556137103587389,35589400.73952766,-34410599.26047234,Validación (Test)
Viktor Gyökeres,Arsenal FC,Sweden,27.0,EPL,65000000.0,11,1927,0,9.996114503592253,2.0942770866677165,37376219.04949117,-27623780.950508833,Entrenamiento (Train)
Nick Woltemade,Newcastle United,Germany,24.0,EPL,65000000.0,7,1712,3,7.789635218679905,1.6837366092950106,37288921.03934594,-27711078.960654058,Entrenamiento (Train)
Jérémy Doku,Manchester City,Belgium,23.0,EPL,65000000.0,1,1227,4,2.712628179229796,5.545891216024756,34903268.50335634,-30096731.496643662,Validación (Test)
Marc Guéhi,Manchester City,England,25.0,EPL,65000000.0,2,2520,2,4.218181984499097,2.5567170777358115,33636382.184086986,-31363617.815913014,Validación (Test)
Rodri,Manchester City,Spain,29.0,EPL,65000000.0,1,1231,0,0.9211645582690836,2.236536558717489,25190492.390259612,-39809507.60974039,Entrenamiento (Train)
Cody Gakpo,Liverpool FC,Netherlands,26.0,EPL,65000000.0,6,2157,3,7.874412667006254,5.7214399967342615,41540735.035734214,-23459264.964265786,Entrenamiento (Train)
Benjamin Sesko,Manchester United,Slovenia,22.0,EPL,65000000.0,9,1321,1,9.996170883066952,0.5251399390399456,36433280.95115981,-28566719.048840187,Entrenamiento (Train)
Micky van de Ven,Tottenham Hotspur,Netherlands,24.0,EPL,65000000.0,4,2419,1,2.423757927492261,0.9611182175576688,31416039.25733461,-33583960.742665395,Entrenamiento (Train)
Eberechi Eze,Arsenal FC,England,27.0,EPL,60000000.0,6,1524,2,3.856307918205857,2.542106756940484,32314198.560043465,-27685801.439956535,Entrenamiento (Train)
Morgan Gibbs-White,Nottingham Forest,England,26.0,EPL,60000000.0,9,2675,2,8.889336362481117,3.089745642617345,41460520.71570498,-18539479.284295022,Entrenamiento (Train)
Elliot Anderson,Nottingham Forest,England,23.0,EPL,60000000.0,2,2780,2,2.5203143348917365,3.5064722010865808,35144568.8512014,-24855431.1487986,Validación (Test)
Anthony Gordon,Newcastle United,England,25.0,EPL,60000000.0,6,1814,2,8.683945398777723,3.714877739548683,38143140.58050631,-21856859.41949369,Entrenamiento (Train)
Tijjani Reijnders,Manchester City,Netherlands,27.0,EPL,60000000.0,5,1500,2,4.472426678985357,3.073294181376696,32575060.818678502,-27424939.181321498,Entrenamiento (Train)
Omar Marmoush,Manchester City,Egypt,27.0,EPL,60000000.0,1,573,3,2.8558646515011787,1.474619597196579,27272207.70937579,-32727792.29062421,Entrenamiento (Train)
Rúben Dias,Manchester City,Portugal,28.0,EPL,60000000.0,2,2052,0,0.4370618928223848,0.4093561610206961,25896088.467936497,-34103911.5320635,Entrenamiento (Train)
Adam Wharton,Crystal Palace,England,22.0,EPL,60000000.0,0,2217,5,0.9826451102271676,4.880828585475683,36650905.372467734,-23349094.627532266,Entrenamiento (Train)
Pedro Neto,Chelsea FC,Portugal,26.0,EPL,60000000.0,5,2239,4,4.810193914920092,7.050045987591147,41732213.29698611,-18267786.70301389,Entrenamiento (Train)
Reece James,Chelsea FC,England,26.0,EPL,60000000.0,2,1867,4,1.2105660028755665,3.9933422207832336,33237449.9917456,-26762550.0082544,Entrenamiento (Train)
Carlos Baleba,Brighton & Hove Albion,Cameroon,22.0,EPL,55000000.0,0,1319,0,0.388982773758471,0.0938934944570064,25505137.870419167,-29494862.129580833,Validación (Test)
Mohammed Kudus,Tottenham Hotspur,Ghana,25.0,EPL,55000000.0,2,1577,5,2.362326920963824,2.574139247648418,33260896.477236424,-21739103.522763576,Entrenamiento (Train)
Kai Havertz,Arsenal FC,Germany,26.0,EPL,50000000.0,0,267,1,0.3747366666793823,0.2036216706037521,23139211.833936267,-26860788.166063733,Entrenamiento (Train)
Riccardo Calafiori,Arsenal FC,Italy,23.0,EPL,50000000.0,1,1493,2,2.6441258005797863,0.4462862275540828,28875561.84544793,-21124438.15455207,Entrenamiento (Train)
Noni Madueke,Arsenal FC,England,24.0,EPL,50000000.0,1,925,1,1.75526375323534,2.5768766067922115,27812447.73131101,-22187552.26868899,Entrenamiento (Train)
Piero Hincapié,Arsenal FC,Ecuador,24.0,EPL,50000000.0,1,1500,2,0.3972719712182879,2.0693008974194527,28740506.9389764,-21259493.0610236,Validación (Test)
Murillo,Nottingham Forest,Brazil,23.0,EPL,50000000.0,1,2001,0,0.4774698419496417,0.299396033398807,27077462.324195597,-22922537.675804403,Entrenamiento (Train)
Nico O'Reilly,Manchester City,England,21.0,EPL,50000000.0,4,2131,3,4.614134319126606,2.8584181517362595,37308672.19703609,-12691327.802963912,Entrenamiento (Train)
Iliman Ndiaye,Everton FC,Senegal,26.0,EPL,50000000.0,6,2175,3,4.76201138459146,3.811655101366341,37274979.50093354,-12725020.499066457,Validación (Test)
Ibrahima Konaté,Liverpool FC,France,26.0,EPL,50000000.0,1,2515,0,1.843844497576356,0.6984626250341535,27964295.563684713,-22035704.436315287,Entrenamiento (Train)
Leny Yoro,Manchester United,France,20.0,EPL,50000000.0,0,1617,0,1.1060877703130243,0.1026026122272014,27113320.242275644,-22886679.757724356,Entrenamiento (Train)
Kobbie Mainoo,Manchester United,England,20.0,EPL,50000000.0,0,1083,2,0.1794009869918227,0.598043785430491,27629169.056076,-22370830.943924,Entrenamiento (Train)
Amad Diallo,Manchester United,Cote d'Ivoire,23.0,EPL,50000000.0,2,1920,2,4.852281959727407,4.089084632694721,34977237.2669553,-15022762.733044699,Entrenamiento (Train)
Marc Cucurella,Chelsea FC,Spain,27.0,EPL,50000000.0,1,2084,3,1.3844277020543814,3.731170888990164,31669736.537099767,-18330263.462900233,Entrenamiento (Train)
Xavi Simons,Tottenham Hotspur,Netherlands,22.0,EPL,50000000.0,1,1609,4,1.7202153205871582,4.248675254173577,34420599.06491346,-15579400.93508654,Entrenamiento (Train)
Cristian Romero,Tottenham Hotspur,Argentina,27.0,EPL,50000000.0,4,1804,1,1.8203502781689167,1.7087293025106192,29189054.29756384,-20810945.70243616,Entrenamiento (Train)
Andrey Santos,Chelsea FC,Brazil,21.0,EPL,45000000.0,0,977,0,1.7154290862381458,0.6522208489477634,26228870.81464918,-18771129.18535082,Entrenamiento (Train)
Gabriel Martinelli,Arsenal FC,Brazil,24.0,EPL,45000000.0,1,801,3,4.059760354459286,1.8745346069335935,29821510.506359003,-15178489.493640997,Entrenamiento (Train)
Malick Thiaw,Newcastle United,Germany,24.0,EPL,45000000.0,4,2338,0,5.050081560388207,0.8268706873059273,31613262.50313667,-13386737.496863332,Entrenamiento (Train)
Jørgen Strand Larsen,Crystal Palace,Norway,26.0,EPL,45000000.0,4,1896,1,5.339312080293894,0.5936462795361876,30646708.571214043,-14353291.428785957,Entrenamiento (Train)
Jarrad Branthwaite,Everton FC,England,23.0,EPL,45000000.0,1,503,0,0.2857708930969238,0.0926196295768022,24069721.313892942,-20930278.686107058,Entrenamiento (Train)
Matheus Nunes,Manchester City,Portugal,27.0,EPL,45000000.0,1,2267,4,0.6754733501002192,2.3404364120215178,31355013.70793711,-13644986.29206289,Validación (Test)
Amadou Onana,Aston Villa,Belgium,24.0,EPL,45000000.0,2,1599,0,2.271700147539377,0.4491705559194088,27332614.56184444,-17667385.43815556,Validación (Test)
Nico González,Manchester City,Spain,24.0,EPL,45000000.0,1,1385,0,0.5000531869009137,0.7464621812105179,25896273.859873556,-19103726.140126444,Entrenamiento (Train)
Gianluigi Donnarumma,Manchester City,Italy,27.0,EPL,45000000.0,0,2430,0,0.0,0.0,25600085.799302854,-19399914.200697146,Entrenamiento (Train)
Yankuba Minteh,Brighton & Hove Albion,The Gambia,21.0,EPL,40000000.0,2,1847,4,3.6608777064830074,4.8952676653862,38024480.28780837,-1975519.7121916264,Validación (Test)
Alejandro Garnacho,Chelsea FC,Argentina,21.0,EPL,40000000.0,1,1144,4,3.784420285373926,4.106879755854607,34818897.97457345,-5181102.025426552,Entrenamiento (Train)
Anthony Elanga,Newcastle United,Sweden,23.0,EPL,40000000.0,0,1202,1,1.3304177578538656,1.749520514160395,27415500.837939393,-12584499.162060607,Entrenamiento (Train)
Maxence Lacroix,Crystal Palace,France,25.0,EPL,40000000.0,1,2489,2,2.7277242727577686,1.2082335203886032,30933196.361210145,-9066803.638789855,Entrenamiento (Train)
Rayan Aït-Nouri,Manchester City,Algeria,24.0,EPL,40000000.0,0,789,2,0.3229123335331678,1.4492103587836027,26340896.452890888,-13659103.547109112,Entrenamiento (Train)
Lucas Bergvall,Tottenham Hotspur,Sweden,20.0,EPL,40000000.0,1,852,2,1.3768548872321844,0.2562577445060015,27921209.33922552,-12078790.66077448,Entrenamiento (Train)
Trevoh Chalobah,Chelsea FC,England,26.0,EPL,40000000.0,3,2560,0,1.7106420220807197,0.6142567321658134,28852525.54040056,-11147474.459599439,Entrenamiento (Train)
Pedro Porro,Tottenham Hotspur,Spain,26.0,EPL,40000000.0,0,2185,2,0.6347001725807786,3.251460438594222,30058801.97081111,-9941198.02918889,Entrenamiento (Train)
Bruno Fernandes,Manchester United,Portugal,31.0,EPL,40000000.0,8,2452,16,11.163565407507122,13.040051192045212,78911229.20740046,38911229.207400456,Entrenamiento (Train)
Ezri Konsa,Aston Villa,England,28.0,EPL,40000000.0,0,2676,0,1.0740509293973446,0.6014871783554554,26658907.388526034,-13341092.611473966,Entrenamiento (Train)
Milos Kerkez,Liverpool FC,Hungary,22.0,EPL,40000000.0,2,2057,1,1.326234550215304,1.747715525329113,30540933.217028886,-9459066.782971114,Entrenamiento (Train)
Lisandro Martínez,Manchester United,Argentina,28.0,EPL,40000000.0,0,889,0,0.0539020793512463,0.4361163191497326,22903363.349136446,-17096636.650863554,Entrenamiento (Train)
Boubacar Kamara,Aston Villa,France,26.0,EPL,40000000.0,1,1434,3,1.0521572744473815,0.7290232917293906,27898647.915148523,-12101352.084851477,Entrenamiento (Train)
Bart Verbruggen,Brighton & Hove Albion,Netherlands,23.0,EPL,40000000.0,0,2790,0,0.0,0.076464258134365,27788538.553464007,-12211461.446535993,Entrenamiento (Train)
Matthijs de Ligt,Manchester United,Netherlands,26.0,EPL,40000000.0,1,1170,0,1.3233719654381275,0.4281761646270752,24945525.420374263,-15054474.579625737,Entrenamiento (Train)
Alex Scott,AFC Bournemouth,England,22.0,EPL,40000000.0,2,2375,1,3.0460701789706945,1.8442000998184085,32289835.10708419,-7710164.892915811,Entrenamiento (Train)
Rayan,AFC Bournemouth,Brazil,19.0,EPL,40000000.0,2,633,1,1.2514662221074104,1.6151759903877974,28536419.382258397,-11463580.617741603,Entrenamiento (Train)
Kevin Schade,Brentford FC,Germany,24.0,EPL,35000000.0,7,2240,3,9.764131454750896,4.065017273649573,42971088.29133935,7971088.291339353,Entrenamiento (Train)
James Garner,Everton FC,England,25.0,EPL,35000000.0,2,2787,6,1.9988975692540407,5.531052442267537,40500117.95642047,5500117.956420466,Entrenamiento (Train)
Brennan Johnson,Crystal Palace,Wales,24.0,EPL,35000000.0,2,1211,1,1.989457719027996,0.983729287981987,27667136.399847075,-7332863.600152925,Entrenamiento (Train)
Cristhian Mosquera,Arsenal FC,Spain,21.0,EPL,35000000.0,0,665,0,0.0,0.1646239385008812,24539851.85412653,-10460148.145873468,Entrenamiento (Train)
Mateus Fernandes,West Ham United,Portugal,21.0,EPL,35000000.0,3,2417,3,1.0705702733248472,2.59276426397264,34962094.1187438,-37905.88125620037,Entrenamiento (Train)
Evanilson,AFC Bournemouth,Brazil,26.0,EPL,35000000.0,6,2247,0,9.838496580719948,2.316022977232933,35852161.20312843,852161.2031284273,Entrenamiento (Train)
Michael Olise,Bayern Munich,France,24.0,Bundesliga,140000000.0,11,1978,17,9.842565534636378,15.43462716601789,94975483.98868433,-45024516.01131567,Entrenamiento (Train)
Jamal Musiala,Bayern Munich,Germany,23.0,Bundesliga,120000000.0,1,278,2,1.7908645644783974,0.4844855815172195,26085308.886907753,-93914691.11309224,Validación (Test)
Yan Diomande,RB Leipzig,Cote d'Ivoire,19.0,Bundesliga,75000000.0,10,1893,6,6.414470110088587,7.325402310118079,53371341.942310475,-21628658.057689525,Entrenamiento (Train)
Aleksandar Pavlovic,Bayern Munich,Germany,21.0,Bundesliga,75000000.0,3,1320,1,1.4776572212576866,1.6352257747203112,29812211.43916045,-45187788.56083955,Entrenamiento (Train)
Luis Díaz,Bayern Munich,Colombia,29.0,Bundesliga,70000000.0,15,2087,11,13.144643872976305,8.126589147374034,68508410.71822706,-1491589.2817729414,Entrenamiento (Train)
Harry Kane,Bayern Munich,England,32.0,Bundesliga,65000000.0,31,2083,5,26.705479028634727,6.530971290543675,86498957.75340037,21498957.75340037,Entrenamiento (Train)
Luka Vuskovic,Hamburger SV,Croatia,19.0,Bundesliga,60000000.0,5,2160,0,4.477153269574046,0.4103483697399497,33188301.962755542,-26811698.037244458,Entrenamiento (Train)
Lennart Karl,Bayern Munich,Germany,18.0,Bundesliga,60000000.0,4,1103,3,6.147140823304653,2.523889074102044,36672642.42907967,-23327357.570920333,Entrenamiento (Train)
Nico Schlotterbeck,Borussia Dortmund,Germany,26.0,Bundesliga,55000000.0,4,1890,1,3.2422886332497,0.8571173064410686,29765466.228432436,-25234533.771567564,Entrenamiento (Train)
Karim Adeyemi,Borussia Dortmund,Germany,24.0,Bundesliga,50000000.0,6,1174,3,4.678508400917053,2.954679423943162,34686856.1541041,-15313143.845895901,Entrenamiento (Train)
Felix Nmecha,Borussia Dortmund,Germany,25.0,Bundesliga,50000000.0,2,2105,3,3.1790058817714453,1.8235643226653335,32322452.0612489,-17677547.9387511,Entrenamiento (Train)
Can Uzun,Eintracht Frankfurt,Türkiye,20.0,Bundesliga,45000000.0,6,825,3,2.734463332220912,2.259539982303977,33813476.396660164,-11186523.603339836,Entrenamiento (Train)
Angelo Stiller,VfB Stuttgart,Germany,24.0,Bundesliga,45000000.0,1,2144,5,2.377443220466376,5.556971753947437,37696864.983063385,-7303135.016936615,Validación (Test)
Alphonso Davies,Bayern Munich,Canada,25.0,Bundesliga,45000000.0,0,354,1,0.1038190051913261,0.2539216466248035,23524024.060440812,-21475975.939559188,Entrenamiento (Train)
Castello Lukeba,RB Leipzig,France,23.0,Bundesliga,45000000.0,1,1896,0,0.8890010062605143,0.2401187624782323,27018554.31053361,-17981445.68946639,Entrenamiento (Train)
Jarell Quansah,Bayer 04 Leverkusen,England,23.0,Bundesliga,45000000.0,3,1873,0,2.6048063188791275,0.8263874910771847,29209745.438063074,-15790254.561936926,Entrenamiento (Train)
Jamie Leweling,VfB Stuttgart,Germany,25.0,Bundesliga,40000000.0,7,1848,6,3.726155199110508,4.18502963334322,40694840.1129391,694840.112939097,Validación (Test)
Joshua Kimmich,Bayern Munich,Germany,31.0,Bundesliga,40000000.0,2,1807,6,2.076781475916505,6.348497848957777,35691710.66918885,-4308289.33081115,Entrenamiento (Train)
Maximilian Beier,Borussia Dortmund,Germany,23.0,Bundesliga,40000000.0,8,1564,4,7.629877120256424,3.201244338415563,40804920.82326566,804920.8232656568,Entrenamiento (Train)
Ibrahim Maza,Bayer 04 Leverkusen,Algeria,20.0,Bundesliga,40000000.0,2,1245,3,3.173876902088523,3.4117477741092443,34017535.79342498,-5982464.206575021,Entrenamiento (Train)
Nicolas Jackson,Bayern Munich,Senegal,24.0,Bundesliga,40000000.0,4,564,0,4.589569272473455,1.1904625538736582,27876891.088889614,-12123108.911110386,Entrenamiento (Train)
Serhou Guirassy,Borussia Dortmund,Guinea,30.0,Bundesliga,40000000.0,13,1859,1,15.727250542491674,1.762090252712369,41595878.36006081,1595878.360060811,Entrenamiento (Train)
Gregor Kobel,Borussia Dortmund,Switzerland,28.0,Bundesliga,40000000.0,0,2430,0,0.0,0.0,25258376.98174899,-14741623.01825101,Entrenamiento (Train)
Christian Kofane,Bayer 04 Leverkusen,Cameroon,19.0,Bundesliga,40000000.0,5,983,3,6.5611046105623245,1.7720793914049864,35930832.89472924,-4069167.1052707583,Validación (Test)
Tom Bischof,Bayern Munich,Germany,20.0,Bundesliga,40000000.0,0,922,3,0.963580884039402,1.929701518267393,29641952.061716706,-10358047.938283294,Entrenamiento (Train)
Jonathan Burkardt,Eintracht Frankfurt,Germany,25.0,Bundesliga,35000000.0,9,998,0,9.662737272679806,0.295681282877922,32777702.81248107,-2222297.187518928,Entrenamiento (Train)
Nathaniel Brown,Eintracht Frankfurt,Germany,22.0,Bundesliga,35000000.0,4,2038,4,2.050333686172962,2.790567673742771,35950389.156946205,950389.1569462046,Entrenamiento (Train)
Johan Manzambi,SC Freiburg,Switzerland,20.0,Bundesliga,35000000.0,3,1678,2,2.494462659582496,2.413593184202909,33253460.402799793,-1746539.5972002074,Entrenamiento (Train)
Josip Stanisic,Bayern Munich,Croatia,25.0,Bundesliga,35000000.0,2,1424,3,1.0486250892281532,3.0791625920683146,30754959.730670843,-4245040.269329157,Entrenamiento (Train)
Said El Mala,1.FC Köln,Germany,19.0,Bundesliga,35000000.0,10,1381,3,8.394995929673314,1.855044599622488,41537652.14691687,6537652.146916866,Entrenamiento (Train)
Edmond Tapsoba,Bayer 04 Leverkusen,Burkina Faso,27.0,Bundesliga,35000000.0,4,1949,2,3.2409368911758065,1.2413615845143795,30720245.77462947,-4279754.22537053,Validación (Test)
Bazoumana Touré,TSG 1899 Hoffenheim,Cote d'Ivoire,20.0,Bundesliga,35000000.0,2,1815,7,3.9713587826117873,5.457951230928302,42942321.9178507,7942321.917850703,Entrenamiento (Train)
Bilal El Khannouss,VfB Stuttgart,Morocco,21.0,Bundesliga,32000000.0,3,1355,3,1.7664454439654946,4.051339050754905,34191292.63786303,2191292.6378630325,Entrenamiento (Train)
Hugo Larsson,Eintracht Frankfurt,Sweden,21.0,Bundesliga,32000000.0,1,1421,2,0.8406409472227097,0.8672693930566311,28950940.035414457,-3049059.9645855427,Entrenamiento (Train)
Konrad Laimer,Bayern Munich,Austria,28.0,Bundesliga,32000000.0,3,1611,5,2.7632063534110785,3.489721359685064,33667703.92521108,1667703.9252110794,Entrenamiento (Train)
Antonio Nusa,RB Leipzig,Norway,20.0,Bundesliga,32000000.0,2,1638,2,4.746032314375043,4.122364494949579,35649287.27179428,3649287.271794282,Entrenamiento (Train)
Rômulo,RB Leipzig,Brazil,24.0,Bundesliga,30000000.0,7,1776,4,11.962001759558916,3.3973602056503296,43608529.221504614,13608529.221504614,Entrenamiento (Train)
Finn Jeltsch,VfB Stuttgart,Germany,19.0,Bundesliga,30000000.0,0,1361,1,0.1950984485447406,0.1018767990171909,27348863.096499998,-2651136.903500002,Entrenamiento (Train)
Jonathan Tah,Bayern Munich,Germany,30.0,Bundesliga,30000000.0,2,1769,1,0.6638064542785287,0.5882400423288345,25673533.931787267,-4326466.068212733,Validación (Test)
Jobe Bellingham,Borussia Dortmund,England,20.0,Bundesliga,30000000.0,0,1195,1,0.7233882173895836,0.5675880257040262,27274692.12578506,-2725307.87421494,Entrenamiento (Train)
Christoph Baumgartner,RB Leipzig,Austria,26.0,Bundesliga,30000000.0,12,2183,6,13.94309102743864,2.803140627220273,51214558.14004305,21214558.14004305,Entrenamiento (Train)
Exequiel Palacios,Bayer 04 Leverkusen,Argentina,27.0,Bundesliga,30000000.0,0,457,0,0.2229026071727275,0.1910003423690796,22404432.76974403,-7595567.230255969,Entrenamiento (Train)
Malik Tillman,Bayer 04 Leverkusen,United States,23.0,Bundesliga,30000000.0,5,1559,1,4.389549918472767,3.4058956503868103,33792423.85408149,3792423.854081489,Entrenamiento (Train)
Fisnik Asllani,TSG 1899 Hoffenheim,Kosovo,23.0,Bundesliga,30000000.0,8,1871,5,7.574554221704602,4.250370090827346,44264456.19700751,14264456.197007507,Entrenamiento (Train)
Assan Ouédraogo,RB Leipzig,Germany,19.0,Bundesliga,28000000.0,3,632,3,2.1908827032893896,2.719928711652756,32302078.99749464,4302078.997494642,Entrenamiento (Train)
Brajan Gruda,RB Leipzig,Germany,21.0,Bundesliga,28000000.0,3,513,2,2.330075822770596,2.194702887907624,29880073.22115757,1880073.2211575694,Validación (Test)
Fábio Silva,Borussia Dortmund,Portugal,23.0,Bundesliga,28000000.0,1,596,5,1.6806797478348017,2.636190138757229,30995840.676278133,2995840.676278133,Entrenamiento (Train)
Konstantinos Koulierakis,VfL Wolfsburg,Greece,22.0,Bundesliga,25000000.0,2,1936,0,2.3602450247853994,1.18343158159405,29437220.746158298,4437220.746158298,Validación (Test)
Arnaud Kalimuendo,Eintracht Frankfurt,France,24.0,Bundesliga,25000000.0,4,851,1,3.2228638529777527,0.916760504245758,28401457.04731611,3401457.0473161116,Entrenamiento (Train)
Kaishu Sano,1.FSV Mainz 05,Japan,25.0,Bundesliga,25000000.0,1,2430,1,1.0115436129271984,3.023523787036538,30601248.3479319,5601248.347931899,Entrenamiento (Train)
Ernest Poku,Bayer 04 Leverkusen,Netherlands,22.0,Bundesliga,25000000.0,5,1437,4,3.642260760068893,2.573573093861341,35743351.007783815,10743351.007783815,Entrenamiento (Train)
Loïc Badé,Bayer 04 Leverkusen,France,25.0,Bundesliga,25000000.0,0,1382,0,0.923286280594766,0.1378594860434532,24870524.12107453,-129475.87892546877,Entrenamiento (Train)
Julian Ryerson,Borussia Dortmund,Norway,28.0,Bundesliga,25000000.0,0,1679,12,0.5529551077634096,8.319585617631674,43885554.50252131,18885554.502521306,Entrenamiento (Train)
Leon Avdullahu,TSG 1899 Hoffenheim,Kosovo,22.0,Bundesliga,25000000.0,0,2294,1,0.4837837256491184,1.0303920581936836,29018223.315828204,4018223.315828204,Entrenamiento (Train)
Karim Coulibaly,SV Werder Bremen,Germany,18.0,Bundesliga,22000000.0,1,1769,0,1.1301267184317112,0.1730191968381405,28695960.96861676,6695960.968616761,Validación (Test)
David Raum,RB Leipzig,Germany,27.0,Bundesliga,22000000.0,3,2310,6,2.2789241075515747,10.028936307877302,44350923.45430887,22350923.454308867,Entrenamiento (Train)
Daniel Svensson,Borussia Dortmund,Sweden,24.0,Bundesliga,22000000.0,2,2094,2,1.877221655100584,3.25033020041883,32387318.65974448,10387318.659744479,Entrenamiento (Train)
Nicolas Seiwald,RB Leipzig,Austria,24.0,Bundesliga,22000000.0,0,2307,2,1.405506957322359,1.3713903669267893,29889289.050218876,7889289.050218876,Entrenamiento (Train)
Johan Bakayoko,RB Leipzig,Belgium,22.0,Bundesliga,22000000.0,2,727,0,1.7686516754329205,0.9762161877006292,26535102.514626548,4535102.514626548,Entrenamiento (Train)
Noahkai Banks,FC Augsburg,United States,19.0,Bundesliga,22000000.0,1,1720,1,1.230864397250116,0.9259122600778936,29755721.775413956,7755721.7754139565,Entrenamiento (Train)
Chrislain Matsima,FC Augsburg,France,23.0,Bundesliga,22000000.0,1,1260,1,0.5306734442710876,0.5844853427261114,26679183.97221533,4679183.972215328,Entrenamiento (Train)
Ermedin Demirovic,VfB Stuttgart,Bosnia-Herzegovina,28.0,Bundesliga,22000000.0,9,1181,2,6.367287680506706,1.6134076975286007,33214140.253411293,11214140.253411293,Entrenamiento (Train)
Deniz Undav,VfB Stuttgart,Germany,29.0,Bundesliga,22000000.0,18,1737,5,16.30695114657283,3.665377866476774,54508003.95772352,32508003.95772352,Entrenamiento (Train)
Albian Hajdari,TSG 1899 Hoffenheim,Kosovo,22.0,Bundesliga,20000000.0,1,1863,1,1.7636657785624266,0.7322525791823864,28981813.22071698,8981813.22071698,Entrenamiento (Train)
Wouter Burger,TSG 1899 Hoffenheim,Netherlands,25.0,Bundesliga,20000000.0,4,1970,5,3.3539092391729355,5.161827463656664,38790090.36546702,18790090.36546702,Entrenamiento (Train)
Ritsu Doan,Eintracht Frankfurt,Japan,27.0,Bundesliga,20000000.0,4,2141,5,3.722829412668944,6.130740121006966,39578334.896576114,19578334.896576114,Validación (Test)
Aleix García,Bayer 04 Leverkusen,Spain,28.0,Bundesliga,20000000.0,2,2209,6,1.9553318116813896,4.195254620164633,35856118.74785565,15856118.747855648,Validación (Test)
Yan Couto,Borussia Dortmund,Brazil,23.0,Bundesliga,20000000.0,1,982,2,0.5621986016631126,2.849770877510309,28784923.490433764,8784923.490433764,Entrenamiento (Train)
Carney Chukwuemeka,Borussia Dortmund,Austria,22.0,Bundesliga,20000000.0,2,658,0,2.3645795173943043,0.5800747573375702,26371628.405605882,6371628.405605882,Entrenamiento (Train)
Patrik Schick,Bayer 04 Leverkusen,Czech Republic,30.0,Bundesliga,20000000.0,9,1482,3,11.81377076730132,2.882771613076329,38822296.74586366,18822296.74586366,Entrenamiento (Train)
Arthur Theate,Eintracht Frankfurt,Belgium,25.0,Bundesliga,20000000.0,1,1795,0,1.0566146345809102,0.4315696712583303,26333051.31626239,6333051.31626239,Entrenamiento (Train)
Conrad Harder,RB Leipzig,Denmark,20.0,Bundesliga,20000000.0,2,748,3,3.6867622919380665,2.3702129013836384,32120394.950099077,12120394.950099077,Entrenamiento (Train)
Julian Brandt,Borussia Dortmund,Germany,29.0,Bundesliga,20000000.0,6,1214,3,4.301542589440942,3.8335540425032377,33152273.11143575,13152273.111435749,Entrenamiento (Train)
Noah Atubolu,SC Freiburg,Germany,23.0,Bundesliga,20000000.0,0,2430,0,0.0,0.3081289026886225,27257239.62503771,7257239.625037711,Entrenamiento (Train)
Nnamdi Collins,Eintracht Frankfurt,Germany,22.0,Bundesliga,20000000.0,1,1490,2,0.6856478173285723,0.4561577998101711,28289639.22749333,8289639.227493331,Entrenamiento (Train)
Serge Gnabry,Bayern Munich,Germany,30.0,Bundesliga,20000000.0,8,1213,6,6.14539984986186,5.150685242377222,39625728.2390973,19625728.239097297,Entrenamiento (Train)
Ramon Hendriks,VfB Stuttgart,Netherlands,24.0,Bundesliga,20000000.0,0,1429,2,0.0636026225984096,0.5049298442900181,26720622.922500055,6720622.922500055,Entrenamiento (Train)
Rocco Reitz,Borussia Mönchengladbach,Germany,23.0,Bundesliga,20000000.0,0,2146,2,1.8065397748723624,2.503136751241982,31162199.39251395,11162199.39251395,Entrenamiento (Train)
Waldemar Anton,Borussia Dortmund,Germany,29.0,Bundesliga,18000000.0,2,2250,0,1.7578401621431112,0.3702468695119023,26490274.18073462,8490274.18073462,Entrenamiento (Train)
Fábio Vieira,Hamburger SV,Portugal,25.0,Bundesliga,18000000.0,5,1622,5,3.959945078007877,3.5006919782608747,37022524.99179717,19022524.99179717,Entrenamiento (Train)
Ezechiel Banzuzi,RB Leipzig,DR Congo,21.0,Bundesliga,18000000.0,0,489,1,1.164729591459036,0.353797547519207,25607181.161732294,7607181.161732294,Entrenamiento (Train)
Leopold Querfeld,1.FC Union Berlin,Austria,22.0,Bundesliga,18000000.0,2,2340,0,3.5371375679969788,2.038518369197845,31716230.994922847,13716230.994922847,Validación (Test)
Hiroki Ito,Bayern Munich,Japan,26.0,Bundesliga,18000000.0,1,493,2,1.4641361720860004,0.598396485671401,25387573.04617385,7387573.046173848,Entrenamiento (Train)
Yuito Suzuki,SC Freiburg,Japan,24.0,Bundesliga,18000000.0,4,1453,2,4.058217540383339,2.019381599500776,32014544.372915473,14014544.372915473,Entrenamiento (Train)
Maximilian Mittelstädt,VfB Stuttgart,Germany,29.0,Bundesliga,18000000.0,4,1714,4,3.5066699385643005,4.706905458122492,34664584.22664525,16664584.226645254,Entrenamiento (Train)
Nadiem Amiri,1.FSV Mainz 05,Germany,29.0,Bundesliga,17000000.0,10,1667,2,7.3520552739501,4.181111939251423,37824642.196852826,20824642.196852826,Validación (Test)
Alexis Claude-Maurice,FC Augsburg,France,27.0,Bundesliga,15000000.0,4,1708,4,4.77810719050467,2.284228654578328,33909478.34109382,18909478.341093823,Entrenamiento (Train)
Robin Koch,Eintracht Frankfurt,Germany,29.0,Bundesliga,15000000.0,3,2210,1,1.8568208049982784,0.2771376315504312,27628731.648732748,12628731.648732748,Entrenamiento (Train)
Patrick Wimmer,VfL Wolfsburg,Austria,24.0,Bundesliga,15000000.0,3,1230,3,2.470255134627223,0.6412104349583387,29830686.03652474,14830686.03652474,Entrenamiento (Train)
Ansgar Knauff,Eintracht Frankfurt,Germany,24.0,Bundesliga,15000000.0,4,1000,1,3.357334606349468,2.6085463538765907,30229514.00082453,15229514.00082453,Entrenamiento (Train)
Chema Andrés,VfB Stuttgart,Spain,20.0,Bundesliga,15000000.0,1,935,0,0.9713077396154404,0.3122939420863986,26333157.00038614,11333157.000386141,Entrenamiento (Train)
Tiago Tomás,VfB Stuttgart,Portugal,23.0,Bundesliga,15000000.0,4,797,2,4.151520639657974,1.1570146046578884,30224983.596471842,15224983.596471842,Entrenamiento (Train)
Paul Nebel,1.FSV Mainz 05,Germany,23.0,Bundesliga,15000000.0,4,1492,1,3.7080252841115,3.831310987472534,33100633.85652016,18100633.85652016,Entrenamiento (Train)
Lautaro Martínez,Inter Milan,Argentina,28.0,Serie_A,85000000.0,14,1928,4,14.574753515422344,5.348652716726065,51904691.71167011,-33095308.28832989,Entrenamiento (Train)
Alessandro Bastoni,Inter Milan,Italy,26.0,Serie_A,70000000.0,1,2029,4,1.6497777961194515,3.027698891237378,32411721.142794833,-37588278.85720517,Validación (Test)
Nico Paz,Como 1907,Argentina,21.0,Serie_A,65000000.0,10,2406,6,8.010856898501515,5.414033085107803,52435562.70874779,-12564437.29125221,Entrenamiento (Train)
Rafael Leão,AC Milan,Portugal,26.0,Serie_A,65000000.0,9,1500,2,8.16054668277502,3.5112781152129173,38066554.57271405,-26933445.427285947,Entrenamiento (Train)
Christian Pulisic,AC Milan,United States,27.0,Serie_A,50000000.0,8,1294,3,8.624336488544941,4.145702579990029,38501848.509938896,-11498151.490061104,Entrenamiento (Train)
Rasmus Højlund,SSC Napoli,Denmark,23.0,Serie_A,50000000.0,10,2203,2,11.548492453992369,2.123066196218133,43177384.65428844,-6822615.345711559,Entrenamiento (Train)
Marcus Thuram,Inter Milan,France,28.0,Serie_A,50000000.0,7,1491,3,8.905336204916239,2.8599590118974447,36692631.7602917,-13307368.239708297,Entrenamiento (Train)
Nicolò Barella,Inter Milan,Italy,29.0,Serie_A,50000000.0,1,2020,7,2.898268112912774,7.491370972245932,39564722.2613411,-10435277.738658898,Entrenamiento (Train)
Federico Dimarco,Inter Milan,Italy,28.0,Serie_A,50000000.0,6,2232,13,6.17091453447938,12.869389854371548,65336143.390949614,15336143.390949614,Entrenamiento (Train)
Scott McTominay,SSC Napoli,Scotland,29.0,Serie_A,45000000.0,7,2078,3,7.822556588798761,1.6346898712217808,35770904.92541402,-9229095.074585982,Entrenamiento (Train)
Éderson,Atalanta BC,Brazil,26.0,Serie_A,40000000.0,1,1710,0,4.378498808480799,1.4682106971740725,28193864.842101354,-11806135.157898646,Entrenamiento (Train)
Yann Bisseck,Inter Milan,Germany,25.0,Serie_A,40000000.0,2,1566,1,2.366162436082959,0.6501033678650856,27919421.64611017,-12080578.35388983,Entrenamiento (Train)
Moise Kean,ACF Fiorentina,Italy,26.0,Serie_A,40000000.0,8,1965,1,15.358143091201782,0.0630031991750001,38536091.46355458,-1463908.5364454165,Validación (Test)
Wesley,AS Roma,Brazil,22.0,Serie_A,40000000.0,4,2130,0,2.3235203810036182,4.544415947049856,33998045.6272124,-6001954.372787602,Entrenamiento (Train)
Santiago Castro,Bologna FC 1909,Argentina,21.0,Serie_A,35000000.0,7,1805,2,6.325287845917046,2.550250258296728,37938487.94521673,2938487.9452167302,Entrenamiento (Train)
Alessandro Buongiorno,SSC Napoli,Italy,26.0,Serie_A,35000000.0,0,1926,1,1.5551931895315647,0.2635176181793213,26677444.230927344,-8322555.769072656,Entrenamiento (Train)
Charles De Ketelaere,Atalanta BC,Belgium,25.0,Serie_A,35000000.0,3,1643,3,3.667718194425106,8.626153141260147,39067228.41665375,4067228.4166537523,Validación (Test)
Strahinja Pavlović,AC Milan,Serbia,24.0,Serie_A,35000000.0,4,2156,1,2.883064480498433,0.6053832489997149,30750458.60070821,-4249541.399291791,Validación (Test)
Ange-Yoan Bonny,Inter Milan,Cote d'Ivoire,22.0,Serie_A,35000000.0,5,791,3,3.919695874676109,1.7661503348499537,32503546.913657002,-2496453.086342998,Entrenamiento (Train)
Dušan Vlahović,Juventus FC,Serbia,26.0,Serie_A,35000000.0,3,694,1,4.618957936763763,0.4843765348196029,27206819.865099657,-7793180.134900343,Entrenamiento (Train)
Donyell Malen,AS Roma,Netherlands,27.0,Serie_A,35000000.0,7,814,0,7.696999326348305,0.1079391464591026,29288054.60973368,-5711945.390266322,Entrenamiento (Train)
Mile Svilar,AS Roma,Serbia,26.0,Serie_A,35000000.0,0,2700,0,0.0,0.0,26458332.05987284,-8541667.94012716,Validación (Test)
Evan Ndicka,AS Roma,Cote d'Ivoire,26.0,Serie_A,35000000.0,3,2110,0,2.2063370011746883,0.5625489521771669,28127192.72592083,-6872807.27407917,Entrenamiento (Train)
Bremer,Juventus FC,Brazil,29.0,Serie_A,35000000.0,3,1557,3,1.869823514483869,0.4107095804065466,28074806.036365453,-6925193.963634547,Entrenamiento (Train)
Matías Soulé,AS Roma,Argentina,22.0,Serie_A,35000000.0,6,1730,4,3.746946400031448,3.127205935306847,37784292.59083567,2784292.590835668,Entrenamiento (Train)
Loïs Openda,Juventus FC,Belgium,26.0,Serie_A,32000000.0,1,629,0,3.646697736345232,0.5982526540756226,25099372.917716164,-6900627.082283836,Validación (Test)
Pierre Kalulu,Juventus FC,France,25.0,Serie_A,32000000.0,1,2561,3,1.085379622876644,4.508488772436976,34267407.77772205,2267407.777722053,Validación (Test)
Francisco Conceição,Juventus FC,Portugal,23.0,Serie_A,30000000.0,3,1495,3,5.628825683146715,2.147287953644991,34016730.52902145,4016730.5290214494,Entrenamiento (Train)
Marco Palestra,Cagliari Calcio,Italy,21.0,Serie_A,30000000.0,1,2517,4,1.154845249839127,3.621552729047835,36223903.119589075,6223903.119589075,Validación (Test)
Jesús Rodríguez,Como 1907,Spain,20.0,Serie_A,30000000.0,1,1540,7,3.7482339087873697,5.440101124346256,41230382.58329469,11230382.58329469,Entrenamiento (Train)
Assane Diao,Como 1907,Senegal,20.0,Serie_A,30000000.0,1,443,1,1.0109610632061958,0.9118638392537832,26654300.419875637,-3345699.5801243633,Entrenamiento (Train)
Máximo Perrone,Como 1907,Argentina,23.0,Serie_A,30000000.0,3,2158,4,2.3424457646906376,2.1492948215454817,34722797.079051286,4722797.079051286,Entrenamiento (Train)
Mario Gila,SS Lazio,Spain,25.0,Serie_A,30000000.0,0,2243,0,1.1164315035566688,0.718289490789175,27010922.978091855,-2989077.0219081454,Entrenamiento (Train)
Giorgio Scalvini,Atalanta BC,Italy,22.0,Serie_A,30000000.0,2,1226,0,3.366627663373947,0.4326582141220569,27840664.86674365,-2159335.1332563497,Entrenamiento (Train)
Petar Sučić,Inter Milan,Croatia,22.0,Serie_A,30000000.0,1,1293,2,1.9561552703380585,2.7749654836952686,30502886.38026182,502886.3802618198,Entrenamiento (Train)
Weston McKennie,Juventus FC,United States,27.0,Serie_A,30000000.0,4,2230,4,6.504627022892237,3.9983751866966486,38143678.86323527,8143678.8632352725,Entrenamiento (Train)
Andrea Cambiaso,Juventus FC,Italy,26.0,Serie_A,30000000.0,3,2231,3,2.636385602876544,4.427487708628178,34960863.39531695,4960863.395316951,Entrenamiento (Train)
Ardon Jashari,AC Milan,Switzerland,23.0,Serie_A,30000000.0,0,459,1,0.2340139765292406,1.0659729093313215,24988154.996946357,-5011845.003053643,Entrenamiento (Train)
Christopher Nkunku,AC Milan,France,28.0,Serie_A,28000000.0,5,1006,3,7.36657902598381,1.3828837107867002,31975618.023607697,3975618.0236076973,Validación (Test)
David Neres,SSC Napoli,Brazil,29.0,Serie_A,28000000.0,3,932,3,1.484556145966053,3.786104552447796,29407255.3599485,1407255.359948501,Entrenamiento (Train)
Carlos Augusto,Inter Milan,Brazil,27.0,Serie_A,26000000.0,1,1231,1,1.6097844615578651,1.1390730757266283,26125728.777536586,125728.77753658593,Entrenamiento (Train)
Manuel Locatelli,Juventus FC,Italy,28.0,Serie_A,25000000.0,1,2311,2,1.9922326682135465,3.202031840570271,30689480.92595053,5689480.925950531,Entrenamiento (Train)
Jhon Lucumí,Bologna FC 1909,Colombia,27.0,Serie_A,25000000.0,1,1652,0,1.2083417065441608,0.1424706280231475,25224561.69615909,224561.69615909085,Entrenamiento (Train)
Honest Ahanor,Atalanta BC,Italy,18.0,Serie_A,25000000.0,0,1016,0,2.1688793301582336,0.0,27082262.200659446,2082262.2006594464,Validación (Test)
Mike Maignan,AC Milan,France,30.0,Serie_A,25000000.0,0,2576,0,0.0,0.0,24849731.427946366,-150268.57205363363,Entrenamiento (Train)
Jacobo Ramón,Como 1907,Spain,21.0,Serie_A,25000000.0,2,2251,0,3.904356028884649,0.9999716505408288,31185787.238534383,6185787.2385343835,Validación (Test)
Alexis Saelemaekers,AC Milan,Belgium,26.0,Serie_A,25000000.0,2,2310,3,2.703697358258069,4.064855952747166,34266448.91384855,9266448.91384855,Entrenamiento (Train)
Samuele Ricci,AC Milan,Italy,24.0,Serie_A,25000000.0,1,1032,3,2.019786413758993,2.369414990767837,29693614.75680162,4693614.75680162,Entrenamiento (Train)
Denzel Dumfries,Inter Milan,Netherlands,29.0,Serie_A,25000000.0,1,936,0,2.3977499287575483,1.375735875219107,24672655.275455397,-327344.7245446034,Entrenamiento (Train)
Gianluca Scamacca,Atalanta BC,Italy,27.0,Serie_A,25000000.0,8,1146,1,8.21346314623952,1.2116308640688658,32729428.482245553,7729428.482245553,Entrenamiento (Train)
Evan Ferguson,AS Roma,Ireland,21.0,Serie_A,25000000.0,3,777,2,3.4807619526982307,1.686270648613572,30614443.28782268,5614443.287822679,Entrenamiento (Train)
Youssouf Fofana,AC Milan,France,27.0,Serie_A,25000000.0,2,1758,3,4.189222369343042,3.434199744835496,32727558.421470698,7727558.421470698,Entrenamiento (Train)
Nikola Krstović,Atalanta BC,Montenegro,25.0,Serie_A,25000000.0,8,1235,4,11.797820337116718,2.526851708069444,40888866.73642044,15888866.736420438,Entrenamiento (Train)
Sam Beukema,SSC Napoli,Netherlands,27.0,Serie_A,25000000.0,2,1323,0,1.649287275969982,0.3550296630710363,25387228.921579808,387228.921579808,Entrenamiento (Train)
Marco Carnesecchi,Atalanta BC,Italy,25.0,Serie_A,25000000.0,0,2700,0,0.0,0.0,26816274.510131057,1816274.5101310574,Entrenamiento (Train)
Martin Baturina,Como 1907,Croatia,23.0,Serie_A,24000000.0,6,1025,3,1.2057878719642758,4.641571141779423,34392320.91935782,10392320.919357821,Entrenamiento (Train)
Nicolò Rovella,SS Lazio,Italy,24.0,Serie_A,23000000.0,0,339,1,0.0171176232397556,1.4522087695077062,24624965.787522208,1624965.787522208,Entrenamiento (Train)
Pietro Comuzzo,ACF Fiorentina,Italy,21.0,Serie_A,23000000.0,1,1436,0,0.7991757988929749,0.0443671131506562,26651717.429356705,3651717.4293567054,Entrenamiento (Train)
Davide Bartesaghi,AC Milan,Italy,20.0,Serie_A,23000000.0,2,1868,0,1.2708141598850489,3.057926047593355,31183183.86204577,8183183.862045769,Entrenamiento (Train)
Luis Henrique,Inter Milan,Brazil,24.0,Serie_A,23000000.0,1,1421,2,1.0236223861575129,2.095383860170841,28911133.935363226,5911133.935363226,Entrenamiento (Train)
Koni De Winter,AC Milan,Belgium,23.0,Serie_A,23000000.0,1,1542,1,0.7965529607608914,0.6188074201345444,27382546.742094453,4382546.742094453,Validación (Test)
Davide Frattesi,Inter Milan,Italy,26.0,Serie_A,22000000.0,0,473,0,1.930541589856148,0.5798975229263306,23684736.946001653,1684736.9460016526,Entrenamiento (Train)
Giacomo Raspadori,Atalanta BC,Italy,26.0,Serie_A,22000000.0,1,270,1,1.5886186063289642,0.4990691989660263,24235438.95614431,2235438.9561443105,Entrenamiento (Train)
Isak Hien,Atalanta BC,Sweden,27.0,Serie_A,22000000.0,1,1739,0,1.0443096067756414,0.0597530007362365,25250771.468606327,3250771.4686063267,Entrenamiento (Train)
Lucas Da Cunha,Como 1907,France,24.0,Serie_A,20000000.0,3,2110,3,4.57911426667124,4.50806725025177,36908069.896748565,16908069.896748565,Entrenamiento (Train)
Kenneth Taylor,SS Lazio,Netherlands,23.0,Serie_A,20000000.0,3,972,0,1.9627008941024544,0.4335441179573536,26754858.14005406,6754858.140054058,Entrenamiento (Train)
Fikayo Tomori,AC Milan,England,28.0,Serie_A,20000000.0,0,2149,2,0.594410877674818,1.0016300892457366,27315783.6470893,7315783.647089299,Entrenamiento (Train)
Matteo Gabbia,AC Milan,Italy,26.0,Serie_A,20000000.0,0,1991,0,1.4391436912119389,0.0519444094970822,25810194.910187405,5810194.910187405,Validación (Test)
Jonathan Rowe,Bologna FC 1909,England,22.0,Serie_A,20000000.0,1,1168,1,3.33546612598002,2.0155064929276705,29401238.412192855,9401238.412192855,Validación (Test)
Oumar Solet,Udinese Calcio,France,26.0,Serie_A,20000000.0,3,2242,1,2.592456222511828,1.4178581573069096,30188915.644495644,10188915.644495644,Entrenamiento (Train)
Lloyd Kelly,Juventus FC,England,27.0,Serie_A,20000000.0,1,2293,0,0.5868196794763207,0.7107013165950775,26574579.423165888,6574579.423165888,Entrenamiento (Train)
Jayden Addai,Como 1907,Netherlands,20.0,Serie_A,20000000.0,3,688,0,1.5144574735313654,1.0214554481208324,27544811.382212818,7544811.382212818,Entrenamiento (Train)
Vanja Milinković-Savić,SSC Napoli,Serbia,29.0,Serie_A,20000000.0,0,1890,0,0.0,0.1963787749409675,24103643.78518622,4103643.78518622,Entrenamiento (Train)
Nicola Zalewski,Atalanta BC,Poland,24.0,Serie_A,20000000.0,2,1477,4,2.72246977686882,4.754602997563779,34839506.264227,14839506.264227003,Entrenamiento (Train)
Adrien Rabiot,AC Milan,France,30.0,Serie_A,20000000.0,5,1826,4,2.971478920429945,3.5993717405945063,33623709.57095713,13623709.570957132,Entrenamiento (Train)
Billy Gilmour,SSC Napoli,Scotland,24.0,Serie_A,20000000.0,1,700,0,0.5162047650665045,0.4551220284774899,24442630.55927922,4442630.559279218,Entrenamiento (Train)
Tarik Muharemović,US Sassuolo,Bosnia-Herzegovina,23.0,Serie_A,20000000.0,2,2297,2,2.3314169202931225,0.847775200381875,31306429.64829405,11306429.64829405,Entrenamiento (Train)
Niccolò Pisilli,AS Roma,Italy,21.0,Serie_A,20000000.0,1,746,2,1.37454941496253,1.216961640864611,28112439.81591425,8112439.815914251,Entrenamiento (Train)
Ismaël Koné,US Sassuolo,Canada,23.0,Serie_A,20000000.0,5,2213,0,3.5827317852526903,1.5349277285858989,32120532.68761563,12120532.68761563,Validación (Test)
Neil El Aynaoui,AS Roma,Morocco,24.0,Serie_A,20000000.0,0,621,1,0.167308447882533,0.642777256667614,24611300.213749625,4611300.213749625,Validación (Test)
Teun Koopmeiners,Juventus FC,Netherlands,28.0,Serie_A,20000000.0,0,1604,0,1.7667940743267536,0.623254019767046,24983483.101894762,4983483.101894762,Entrenamiento (Train)
Santiago Gimenez,AC Milan,Mexico,24.0,Serie_A,20000000.0,0,649,0,3.324646063148976,0.1757811568677425,24950232.224328358,4950232.224328358,Entrenamiento (Train)
Zion Suzuki,Parma Calcio 1913,Japan,23.0,Serie_A,20000000.0,0,1170,0,0.0,0.0,24659733.91159599,4659733.911595989,Entrenamiento (Train)
Manuel Akanji,Inter Milan,Switzerland,30.0,Serie_A,18000000.0,2,2364,0,2.2031501941382885,0.2070221100002527,26431827.376088955,8431827.376088955,Entrenamiento (Train)
Lewis Ferguson,Bologna FC 1909,Scotland,26.0,Serie_A,18000000.0,1,1175,0,0.5634688977152109,1.4110879134386778,25342460.56415619,7342460.56415619,Validación (Test)
Dodô,ACF Fiorentina,Brazil,27.0,Serie_A,18000000.0,1,2528,2,1.2677032696083188,4.076500793918967,32006590.428303503,14006590.428303503,Validación (Test)
Hakan Çalhanoğlu,Inter Milan,Türkiye,32.0,Serie_A,18000000.0,8,1427,2,5.023795718327165,3.23459910787642,32282104.90913403,14282104.90913403,Entrenamiento (Train)
Kamaldeen Sulemana,Atalanta BC,Ghana,24.0,Serie_A,18000000.0,2,879,1,2.248252622783184,1.849519582465291,27824731.802308112,9824731.802308112,Entrenamiento (Train)
Odilon Kossounou,Atalanta BC,Cote d'Ivoire,25.0,Serie_A,18000000.0,1,893,0,0.2642052415758371,0.1952001675963401,24165171.3641873,6165171.3641873,Validación (Test)
Riccardo Orsolini,Bologna FC 1909,Italy,29.0,Serie_A,18000000.0,7,1727,1,8.167930148541927,1.4237860459834335,32866009.072712958,14866009.072712958,Entrenamiento (Train)
Mandela Keita,Parma Calcio 1913,Belgium,23.0,Serie_A,18000000.0,0,2356,1,0.2350350338965654,0.2838953603059053,28019947.935020722,10019947.935020722,Entrenamiento (Train)
Raoul Bellanova,Atalanta BC,Italy,25.0,Serie_A,18000000.0,0,1161,1,0.5010053906589746,1.3496409468352797,25925316.795225795,7925316.795225795,Entrenamiento (Train)
Andy Diouf,Inter Milan,France,22.0,Serie_A,18000000.0,0,208,0,0.3741707131266594,1.2294243555516005,24319866.756056145,6319866.756056145,Entrenamiento (Train)
Vitinha,Paris Saint-Germain,Portugal,26.0,Ligue_1,110000000.0,1,1951,7,0.890582175925374,3.455289619043469,35193915.37865533,-74806084.62134467,Entrenamiento (Train)
João Neves,Paris Saint-Germain,Portugal,21.0,Ligue_1,110000000.0,5,1004,1,2.70427505671978,1.797830231487751,30903330.990355887,-79096669.00964412,Entrenamiento (Train)
Ousmane Dembélé,Paris Saint-Germain,France,28.0,Ligue_1,100000000.0,8,740,5,4.905307702720165,3.9256661906838417,36065868.39883668,-63934131.60116332,Entrenamiento (Train)
Khvicha Kvaratskhelia,Paris Saint-Germain,Georgia,25.0,Ligue_1,90000000.0,4,1159,3,5.376902777701616,4.5304981879889965,35060387.84930055,-54939612.15069945,Entrenamiento (Train)
Désiré Doué,Paris Saint-Germain,France,20.0,Ligue_1,90000000.0,5,933,2,7.340775988996029,3.0129862893372774,36040188.46832794,-53959811.53167206,Entrenamiento (Train)
Achraf Hakimi,Paris Saint-Germain,Morocco,27.0,Ligue_1,80000000.0,2,1090,1,2.231421809643507,0.8122581765055656,26321464.906946052,-53678535.09305395,Entrenamiento (Train)
Nuno Mendes,Paris Saint-Germain,Portugal,23.0,Ligue_1,75000000.0,4,1215,4,3.76881018653512,5.026202792301774,36748099.24938544,-38251900.75061456,Entrenamiento (Train)
Bradley Barcola,Paris Saint-Germain,France,23.0,Ligue_1,70000000.0,10,1340,1,9.821227848529816,4.046997956931591,40419814.72473533,-29580185.275264673,Validación (Test)
Mason Greenwood,Olympique Marseille,England,24.0,Ligue_1,50000000.0,15,2035,4,12.55279104784131,5.4081055065616965,54266799.35185353,4266799.351853527,Entrenamiento (Train)
Warren Zaïre-Emery,Paris Saint-Germain,France,20.0,Ligue_1,50000000.0,2,2126,4,2.0485235983505845,3.7308402908965945,36964321.647678554,-13035678.352321446,Entrenamiento (Train)
Maghnes Akliouche,AS Monaco,France,24.0,Ligue_1,45000000.0,6,1910,3,5.839604685083032,4.066397324204445,38557544.29316241,-6442455.706837587,Entrenamiento (Train)
Ethan Nwaneri,Olympique Marseille,England,19.0,Ligue_1,40000000.0,2,287,1,0.8378488328307867,0.979939728975296,27125249.144820742,-12874750.855179258,Validación (Test)
Ayyoub Bouaddi,LOSC Lille,France,18.0,Ligue_1,40000000.0,0,1869,1,0.9921961771324276,1.515459575690329,30382730.264934074,-9617269.735065926,Entrenamiento (Train)
Senny Mayulu,Paris Saint-Germain,France,19.0,Ligue_1,40000000.0,3,1236,4,3.3705584071576595,2.9051930215209723,35669415.29351572,-4330584.7064842805,Validación (Test)
Lucas Chevalier,Paris Saint-Germain,France,24.0,Ligue_1,35000000.0,0,1530,0,0.0,0.0,24972718.502276033,-10027281.497723967,Validación (Test)
Gonçalo Ramos,Paris Saint-Germain,Portugal,24.0,Ligue_1,35000000.0,5,1002,1,7.199973220005632,1.327953138388693,31651636.86376621,-3348363.1362337917,Entrenamiento (Train)
Igor Paixão,Olympique Marseille,Brazil,25.0,Ligue_1,35000000.0,5,1545,5,3.932189660146833,2.153618650510907,35383607.69507926,383607.6950792596,Entrenamiento (Train)
Marquinhos,Paris Saint-Germain,Brazil,31.0,Ligue_1,30000000.0,0,770,0,0.027354821562767,0.0329714883118867,21545338.72016531,-8454661.279834691,Validación (Test)
Lamine Camara,AS Monaco,Senegal,22.0,Ligue_1,30000000.0,0,1401,4,0.932622393593192,4.007170242257416,32671620.462892048,2671620.462892048,Validación (Test)
Malick Fofana,Olympique Lyon,Belgium,20.0,Ligue_1,30000000.0,2,753,1,2.6917807161808014,2.172333646565676,29596629.030512445,-403370.9694875553,Entrenamiento (Train)
Amine Gouiri,Olympique Marseille,Algeria,26.0,Ligue_1,28000000.0,6,875,2,5.871752489358187,1.492222175002098,31387473.371740427,3387473.371740427,Validación (Test)
Arthur Vermeeren,Olympique Marseille,Belgium,21.0,Ligue_1,28000000.0,0,608,1,0.0354134496301412,0.2061706986278295,25218430.839024395,-2781569.1609756052,Entrenamiento (Train)
Endrick,Olympique Lyon,Brazil,19.0,Ligue_1,25000000.0,3,708,4,4.127919487655163,2.4502225890755653,34328991.81739786,9328991.817397863,Entrenamiento (Train)
Denis Zakaria,AS Monaco,Switzerland,29.0,Ligue_1,25000000.0,2,1409,1,1.7032373324036598,1.360045701265335,26400187.836698413,1400187.836698413,Entrenamiento (Train)
Quinten Timber,Olympique Marseille,Netherlands,24.0,Ligue_1,25000000.0,0,736,0,0.9737968035042286,0.3663357496261596,24237610.414471023,-762389.5855289772,Entrenamiento (Train)
Ibrahim Mbaye,Paris Saint-Germain,Senegal,18.0,Ligue_1,25000000.0,1,822,2,2.2309685610234737,2.089094409719109,30639538.89674826,5639538.89674826,Entrenamiento (Train)
Valentín Barco,RC Strasbourg Alsace,Argentina,21.0,Ligue_1,25000000.0,1,2001,4,2.385685028508305,5.236815258860588,37366962.94050875,12366962.940508753,Entrenamiento (Train)
Joaquín Panichelli,RC Strasbourg Alsace,Argentina,23.0,Ligue_1,25000000.0,16,2202,1,14.715991329401731,2.9524750281125307,50056576.13961307,25056576.13961307,Entrenamiento (Train)
Folarin Balogun,AS Monaco,United States,24.0,Ligue_1,22000000.0,9,1669,4,11.532469162717462,3.4303453508764505,44424429.30544634,22424429.30544634,Entrenamiento (Train)
Mika Biereth,AS Monaco,Denmark,23.0,Ligue_1,22000000.0,2,1009,2,3.207695998251438,1.979857835918665,29928231.397338018,7928231.397338018,Entrenamiento (Train)
Simon Adingra,AS Monaco,Cote d'Ivoire,24.0,Ligue_1,22000000.0,3,446,0,1.3968284279108047,0.1401489861309528,24949328.499482293,2949328.4994822927,Entrenamiento (Train)
Lucas Hernández,Paris Saint-Germain,France,30.0,Ligue_1,20000000.0,0,1250,2,0.2572824377566576,1.1041348986327648,24845253.986937676,4845253.986937676,Validación (Test)
Vanderson,AS Monaco,Brazil,24.0,Ligue_1,20000000.0,0,609,2,0.1478172391653061,1.3581282254308462,25852442.737676363,5852442.737676363,Entrenamiento (Train)
Guillaume Restes,FC Toulouse,France,21.0,Ligue_1,20000000.0,0,2403,0,0.0,0.0612147636711597,27744883.368905764,7744883.368905764,Validación (Test)
Matthis Abline,FC Nantes,France,22.0,Ligue_1,20000000.0,5,1986,3,6.236143110319972,3.200580997392535,38467472.27618554,18467472.276185542,Entrenamiento (Train)
Matías Fernández-Pardo,LOSC Lille,Spain,21.0,Ligue_1,20000000.0,5,1783,4,6.944146443158388,3.784063704311848,40748626.48750745,20748626.487507448,Validación (Test)
Benjamin Pavard,Olympique Marseille,France,29.0,Ligue_1,20000000.0,1,1481,2,0.7761205099523067,1.7946659661829472,26797944.489046827,6797944.489046827,Validación (Test)
Timothy Weah,Olympique Marseille,United States,26.0,Ligue_1,20000000.0,2,1884,2,2.495731550268829,2.7056893035769463,30894454.517477397,10894454.517477397,Entrenamiento (Train)
Facundo Medina,Olympique Marseille,Argentina,26.0,Ligue_1,20000000.0,0,841,0,0.1069104094058275,0.0727883502840995,23220306.90374465,3220306.903744649,Entrenamiento (Train)
Leonardo Balerdi,Olympique Marseille,Argentina,27.0,Ligue_1,20000000.0,0,1443,1,1.238036636263132,0.2238230034708976,25248503.929124273,5248503.929124273,Entrenamiento (Train)
Jérémy Jacquet,Stade Rennais FC,France,20.0,Ligue_1,20000000.0,0,1678,0,0.7883376181125641,0.5708747990429401,27455230.99753005,7455230.997530051,Entrenamiento (Train)
Julio Enciso,RC Strasbourg Alsace,Paraguay,22.0,Ligue_1,20000000.0,1,1442,2,4.661674277856946,2.315237496048212,31886957.416389406,11886957.416389406,Entrenamiento (Train)
Thilo Kehrer,AS Monaco,Germany,29.0,Ligue_1,18000000.0,0,1830,0,1.4407017305493357,0.0864391215145587,24528539.820033282,6528539.820033282,Entrenamiento (Train)
Aleksandr Golovin,AS Monaco,Russia,29.0,Ligue_1,18000000.0,4,1444,5,4.032124305143952,2.1540572457015514,32803921.472997874,14803921.472997874,Entrenamiento (Train)
Pierre-Emile Højbjerg,Olympique Marseille,Denmark,30.0,Ligue_1,18000000.0,2,2105,4,2.949013924226165,3.12204336002469,32199949.552426975,14199949.552426975,Validación (Test)
Hamza Igamane,LOSC Lille,Morocco,23.0,Ligue_1,18000000.0,5,406,1,3.7606138456612825,0.6632731482386589,28389605.134084377,10389605.134084377,Entrenamiento (Train)
Diego Moreira,RC Strasbourg Alsace,Belgium,21.0,Ligue_1,18000000.0,3,1860,5,1.6906429044902325,6.677227875217795,40561163.925038524,22561163.925038524,Entrenamiento (Train)
Guéla Doué,RC Strasbourg Alsace,Cote d'Ivoire,23.0,Ligue_1,18000000.0,2,1705,5,1.8245076457969844,1.881382867693901,33482056.72750821,15482056.72750821,Entrenamiento (Train)
Tyler Morton,Olympique Lyon,England,23.0,Ligue_1,18000000.0,2,2046,2,1.8578537218272688,2.3909312272444367,31892508.938650813,13892508.938650813,Entrenamiento (Train)
Ismaël Doukouré,RC Strasbourg Alsace,France,22.0,Ligue_1,18000000.0,0,1681,1,0.5101161524653435,0.6806409554556012,27490478.00493253,9490478.00493253,Entrenamiento (Train)
Caio Henrique,AS Monaco,Brazil,28.0,Ligue_1,15000000.0,0,1521,1,0.1910106763243675,2.675951985642314,26421897.891176756,11421897.891176756,Entrenamiento (Train)
Matvey Safonov,Paris Saint-Germain,Russia,27.0,Ligue_1,15000000.0,0,810,0,0.0,0.0981416627764701,22833481.148006044,7833481.148006044,Entrenamiento (Train)
Mamadou Sangaré,RC Lens,Mali,23.0,Ligue_1,15000000.0,3,1897,3,2.7283509504050016,1.8972277902066708,33059035.578529734,18059035.578529734,Validación (Test)
Christian Mawissa,AS Monaco,France,20.0,Ligue_1,15000000.0,0,630,0,0.2955500483512878,0.2470102608203888,24996470.31126513,9996470.31126513,Entrenamiento (Train)
Charlie Cresswell,FC Toulouse,England,23.0,Ligue_1,15000000.0,3,2160,2,3.023215001448989,1.152479212731123,32174814.038647495,17174814.038647495,Entrenamiento (Train)
Ludovic Blas,Stade Rennais FC,France,28.0,Ligue_1,15000000.0,4,1019,3,3.8943720450624815,4.9012971594929695,32841113.473095126,17841113.473095126,Validación (Test)
Estéban Lepaul,Stade Rennais FC,France,25.0,Ligue_1,15000000.0,14,2132,3,10.985591147094963,1.8858725521713493,45229713.47974269,30229713.47974269,Entrenamiento (Train)
Djaoui Cissé,Stade Rennais FC,France,22.0,Ligue_1,15000000.0,0,942,0,0.7663131225854158,0.727335138246417,25446963.16277604,10446963.162776042,Entrenamiento (Train)
Sebastian Nanasi,RC Strasbourg Alsace,Sweden,23.0,Ligue_1,15000000.0,3,512,1,3.0800328999757767,1.5003060474991798,28035468.07442908,13035468.07442908,Validación (Test)
Moussa Niakhaté,Olympique Lyon,Senegal,30.0,Ligue_1,15000000.0,0,2120,2,0.1709757754579186,0.7531700320541859,26151409.490377016,11151409.490377016,Entrenamiento (Train)
Mike Penders,RC Strasbourg Alsace,Belgium,20.0,Ligue_1,15000000.0,0,2340,0,0.0,0.0,27942478.613031447,12942478.613031447,Entrenamiento (Train)
Samson Baidoo,RC Lens,Austria,21.0,Ligue_1,12000000.0,2,1544,1,2.378174432553351,0.4557065162807703,29254403.59298907,17254403.59298907,Entrenamiento (Train)
Mohamed-Ali Cho,OGC Nice,France,22.0,Ligue_1,12000000.0,4,1246,3,3.2169126383960247,3.177031572908163,34013697.3873482,22013697.387348197,Entrenamiento (Train)
Tiago Santos,LOSC Lille,Portugal,23.0,Ligue_1,12000000.0,0,704,0,0.4807566478848457,0.7291203085333109,24557810.823899295,12557810.823899295,Entrenamiento (Train)
Yann Gboho,FC Toulouse,France,25.0,Ligue_1,12000000.0,8,2262,3,4.700938042253256,3.425279209390282,38803957.214673,26803957.214672998,Entrenamiento (Train)
Ngal'ayel Mukau,LOSC Lille,DR Congo,21.0,Ligue_1,12000000.0,1,1058,0,2.3549841325730085,0.2545448457822203,26806299.901194163,14806299.901194163,Entrenamiento (Train)
Ben Chilwell,RC Strasbourg Alsace,England,29.0,Ligue_1,12000000.0,0,1552,2,0.2908765040338039,1.4190899282693863,25990002.24959001,13990002.24959001,Entrenamiento (Train)
Lucas Høgsberg,RC Strasbourg Alsace,Denmark,19.0,Ligue_1,12000000.0,0,1325,0,0.2162238508462906,0.0,26413988.2412097,14413988.2412097,Entrenamiento (Train)
Aarón Anselmino,RC Strasbourg Alsace,Argentina,20.0,Ligue_1,12000000.0,0,2,0,0.0,0.0,23593402.536594905,11593402.536594905,Entrenamiento (Train)
Ilan Kebbal,Paris FC,Algeria,27.0,Ligue_1,12000000.0,8,1984,4,5.371192855760455,3.583236757665873,38758295.29578696,26758295.295786962,Entrenamiento (Train)
CJ Egan-Riley,Olympique Marseille,England,23.0,Ligue_1,12000000.0,0,547,0,0.0,0.5053555741906166,23922166.481930286,11922166.481930286,Entrenamiento (Train)
Breel Embolo,Stade Rennais FC,Switzerland,29.0,Ligue_1,12000000.0,6,1400,3,5.484619146212936,1.4250572575256228,31975934.43287425,19975934.43287425,Entrenamiento (Train)
Sebastian Szymanski,Stade Rennais FC,Poland,26.0,Ligue_1,12000000.0,1,480,2,0.3826420791447162,1.10168344527483,25259292.214896753,13259292.214896753,Validación (Test)
Tylel Tati,FC Nantes,France,18.0,Ligue_1,12000000.0,0,1690,0,0.4968229848891496,0.0154627989977598,27634533.801399693,15634533.801399693,Entrenamiento (Train)
Quentin Merlin,Stade Rennais FC,France,23.0,Ligue_1,12000000.0,1,1904,3,1.664761358872056,3.230303891003132,32667199.2830559,20667199.2830559,Validación (Test)
Corentin Tolisso,Olympique Lyon,France,31.0,Ligue_1,12000000.0,7,1914,1,8.096649084240198,3.420297489501536,34329035.03777488,22329035.037774883,Entrenamiento (Train)
Marshall Munetsi,Paris FC,Zimbabwe,29.0,Ligue_1,12000000.0,3,597,0,3.053344577550888,0.1019745916128158,24245655.76055151,12245655.760551509,Entrenamiento (Train)
Pavel Sulc,Olympique Lyon,Czech Republic,25.0,Ligue_1,12000000.0,10,1355,3,7.525751184672117,3.175093505531549,39151351.387334645,27151351.387334645,Validación (Test)
Tanner Tessmann,Olympique Lyon,United States,24.0,Ligue_1,12000000.0,1,1796,0,2.5335096772760157,1.3600170742720366,28135025.91043751,16135025.91043751,Validación (Test)
Wout Faes,AS Monaco,Belgium,27.0,Ligue_1,12000000.0,0,658,0,0.5434142965823412,0.0,22732769.710193705,10732769.710193705,Entrenamiento (Train)
Takumi Minamino,AS Monaco,Japan,31.0,Ligue_1,12000000.0,3,976,2,3.37246372550726,2.100285714492202,27430845.91060362,15430845.91060362,Validación (Test)
Jordan Teze,AS Monaco,Netherlands,26.0,Ligue_1,12000000.0,0,1955,1,0.3223925614729523,3.1036167796701197,28423259.09946716,16423259.099467158,Validación (Test)
Dro Fernández,Paris Saint-Germain,Spain,18.0,Ligue_1,10000000.0,1,236,0,0.8376500084996223,0.0609027966856956,25469534.569248423,15469534.569248423,Validación (Test)
Robin Risser,RC Lens,France,21.0,Ligue_1,10000000.0,0,2430,1,0.0,0.0707157272845506,28641549.83065747,18641549.83065747,Entrenamiento (Train)
Brice Samba,Stade Rennais FC,France,31.0,Ligue_1,10000000.0,0,2340,0,0.0,0.0573797356337308,24143195.905207105,14143195.905207105,Entrenamiento (Train)
Nathan Ngoy,LOSC Lille,Belgium,22.0,Ligue_1,10000000.0,1,1857,2,1.3962279465049503,1.2294035255908966,30081385.77130942,20081385.77130942,Entrenamiento (Train)
Kévin Danois,AJ Auxerre,France,21.0,Ligue_1,10000000.0,2,2223,1,1.674341183155775,4.050621071830392,33704063.33477498,23704063.33477498,Entrenamiento (Train)
