Player,Team,Nationality,Age,League,MarketValue,goals,time,assists,xG,xA,Valor_IA,Error,Origen
Kylian Mbappé,Real Madrid,France,27.0,La_Liga,200000000.0,23,2041,4,21.64780845120549,6.512941654771566,87914588.98408188,-112085411.01591812,Validación (Test)
Lamine Yamal,FC Barcelona,Spain,18.0,La_Liga,200000000.0,14,1973,9,11.696614988148212,10.801214322447777,95110984.91918889,-104889015.08081111,Entrenamiento (Train)
Vinicius Junior,Real Madrid,Brazil,25.0,La_Liga,150000000.0,9,2132,5,10.10914472490549,5.246588980779052,62861896.852192536,-87138103.14780746,Entrenamiento (Train)
Pedri,FC Barcelona,Spain,23.0,La_Liga,150000000.0,2,1372,7,2.22481007874012,4.422091599553824,48630881.5227962,-101369118.4772038,Entrenamiento (Train)
Jude Bellingham,Real Madrid,England,22.0,La_Liga,140000000.0,4,1298,3,6.213099502027035,2.522140357643366,45768843.65188474,-94231156.34811527,Entrenamiento (Train)
Federico Valverde,Real Madrid,Uruguay,27.0,La_Liga,120000000.0,3,2237,7,1.37207742780447,4.4698388539254665,47896668.98663734,-72103331.01336266,Entrenamiento (Train)
Fermín López,FC Barcelona,Spain,22.0,La_Liga,100000000.0,5,1243,8,5.213188100606203,6.634286489337683,61174347.9397925,-38825652.0602075,Entrenamiento (Train)
Julián Alvarez,Atlético de Madrid,Argentina,26.0,La_Liga,90000000.0,8,1836,3,8.732132418081164,6.246315762400627,57238672.76451418,-32761327.235485822,Entrenamiento (Train)
Arda Güler,Real Madrid,Türkiye,21.0,La_Liga,90000000.0,4,1826,8,4.622591247782111,7.554797945544124,64753456.8632101,-25246543.136789903,Entrenamiento (Train)
Raphinha,FC Barcelona,Brazil,29.0,La_Liga,80000000.0,11,1246,3,8.88725127838552,5.715399721637368,54249271.356392324,-25750728.643607676,Validación (Test)
Pau Cubarsí,FC Barcelona,Spain,19.0,La_Liga,80000000.0,1,2040,0,0.5516378730535507,0.3548167273402214,35988774.67653895,-44011225.32346105,Entrenamiento (Train)
Aurélien Tchouaméni,Real Madrid,France,26.0,La_Liga,75000000.0,1,2085,0,2.384746972471476,2.157383799552917,32244545.263107006,-42755454.736893,Validación (Test)
Dean Huijsen,Real Madrid,Spain,20.0,La_Liga,65000000.0,2,1506,2,2.2335619535297155,1.1273782718926668,39475999.178632244,-25524000.821367756,Entrenamiento (Train)
Jules Koundé,FC Barcelona,France,27.0,La_Liga,65000000.0,1,1894,3,2.112115003168583,4.20784854143858,38246552.920085534,-26753447.079914466,Entrenamiento (Train)
Trent Alexander-Arnold,Real Madrid,England,27.0,La_Liga,65000000.0,0,645,2,0.1582415290176868,1.335720743983984,23614929.693246685,-41385070.306753315,Entrenamiento (Train)
Pablo Barrios,Atlético de Madrid,Spain,22.0,La_Liga,60000000.0,1,1591,1,1.4028489515185356,1.6999459583312273,35094024.333661176,-24905975.666338824,Validación (Test)
Dani Olmo,FC Barcelona,Spain,27.0,La_Liga,60000000.0,7,1501,6,7.476093320176005,4.715681498870254,53720498.68895143,-6279501.311048567,Entrenamiento (Train)
Nico Williams,Athletic Bilbao,Spain,23.0,La_Liga,50000000.0,4,1335,2,4.948663843795657,3.842061704955995,44907534.6029584,-5092465.3970415965,Entrenamiento (Train)
Eduardo Camavinga,Real Madrid,France,23.0,La_Liga,50000000.0,1,1135,0,1.0450459476560354,1.213536286726594,29436677.68808775,-20563322.31191225,Entrenamiento (Train)
Rodrygo,Real Madrid,Brazil,25.0,La_Liga,50000000.0,1,633,3,2.848481699824333,2.88282679207623,33705273.640636556,-16294726.359363444,Validación (Test)
Ferran Torres,FC Barcelona,Spain,26.0,La_Liga,50000000.0,12,1558,1,13.659796830266714,2.1071850527077918,54156546.96494362,4156546.9649436176,Entrenamiento (Train)
Franco Mastantuono,Real Madrid,Argentina,18.0,La_Liga,45000000.0,1,772,0,2.09313652664423,2.442584613338113,37341143.23319242,-7658856.7668075785,Entrenamiento (Train)
Álex Baena,Atlético de Madrid,Spain,24.0,La_Liga,45000000.0,2,1083,2,1.5018625985831022,3.76478236541152,37396056.83980338,-7603943.160196617,Validación (Test)
Frenkie de Jong,FC Barcelona,Netherlands,28.0,La_Liga,45000000.0,1,1490,4,1.0822599418461325,4.611209314316511,36859407.81428988,-8140592.185710117,Entrenamiento (Train)
Ademola Lookman,Atlético de Madrid,Nigeria,28.0,La_Liga,40000000.0,1,285,0,1.509923376142979,0.688705213367939,19165354.03990882,-20834645.96009118,Entrenamiento (Train)
Giuliano Simeone,Atlético de Madrid,Argentina,23.0,La_Liga,40000000.0,3,1820,5,5.343799976631999,4.688759371638298,51650403.53947954,11650403.539479539,Validación (Test)
Marcus Rashford,FC Barcelona,England,28.0,La_Liga,40000000.0,4,1322,6,7.008541365154088,4.088109420612454,46226000.22031899,6226000.220318988,Entrenamiento (Train)
Joan García,FC Barcelona,Spain,24.0,La_Liga,40000000.0,0,1980,0,0.0,0.0,27119113.77911445,-12880886.220885549,Entrenamiento (Train)
Alberto Moleiro,Villarreal CF,Spain,22.0,La_Liga,40000000.0,9,1864,4,5.07492908090353,4.611291678622365,59307172.8954271,19307172.8954271,Entrenamiento (Train)
Antony,Real Betis Balompié,Brazil,26.0,La_Liga,40000000.0,7,1847,5,6.558007383719087,5.28869479522109,55375960.15232089,15375960.152320892,Entrenamiento (Train)
Mikel Jauregizar,Athletic Bilbao,Spain,22.0,La_Liga,35000000.0,2,2274,0,1.089722279459238,1.2458198824897408,36619055.31259142,1619055.3125914186,Validación (Test)
Oihan Sancet,Athletic Bilbao,Spain,25.0,La_Liga,35000000.0,2,1456,0,6.029701925814152,1.3237723652273417,33315911.375435103,-1684088.6245648973,Entrenamiento (Train)
Dávid Hancko,Atlético de Madrid,Slovakia,28.0,La_Liga,35000000.0,0,2032,2,0.987446265295148,2.1513782758265734,30031231.589545436,-4968768.410454564,Entrenamiento (Train)
Eric García,FC Barcelona,Spain,25.0,La_Liga,35000000.0,1,2192,1,3.304715894162655,1.553778799250722,34814478.231812105,-185521.76818789542,Validación (Test)
Brahim Díaz,Real Madrid,Morocco,26.0,La_Liga,35000000.0,0,587,4,0.8296769224107265,2.002123210579157,29219478.13360057,-5780521.86639943,Entrenamiento (Train)
Takefusa Kubo,Real Sociedad,Japan,24.0,La_Liga,30000000.0,2,1203,3,2.50237294472754,3.2718304209411144,39044271.39065246,9044271.390652463,Entrenamiento (Train)
Gonzalo García,Real Madrid,Spain,21.0,La_Liga,30000000.0,4,641,0,4.135629843920469,0.9051337353885174,35570500.59547879,5570500.595478788,Entrenamiento (Train)
Gavi,FC Barcelona,Spain,21.0,La_Liga,30000000.0,0,55,1,0.0,0.1401124224066734,24909421.481970124,-5090578.518029876,Entrenamiento (Train)
Vitor Reis,Girona FC,Brazil,20.0,La_Liga,30000000.0,1,2237,1,1.4675985500216484,0.8119628597050905,38472624.282452285,8472624.282452285,Entrenamiento (Train)
Marc Bernal,FC Barcelona,Spain,18.0,La_Liga,30000000.0,2,439,1,0.9174209907650948,0.6727183200418949,34509825.614151694,4509825.614151694,Validación (Test)
Marc Pubill,Atlético de Madrid,Spain,22.0,La_Liga,28000000.0,0,838,1,0.2221174966543913,0.6268223077058792,27865165.636272192,-134834.363727808,Entrenamiento (Train)
Georges Mikautadze,Villarreal CF,Georgia,25.0,La_Liga,28000000.0,8,1541,4,10.301433140411971,3.398717293515801,54344346.14145933,26344346.14145933,Entrenamiento (Train)
Carlos Romero,RCD Espanyol Barcelona,Spain,24.0,La_Liga,25000000.0,5,2318,2,2.5455135125666857,2.7045166715979576,44979633.03270984,19979633.032709837,Validación (Test)
Jon Gorrotxategi,Real Sociedad,Spain,24.0,La_Liga,25000000.0,1,1876,3,0.7921612514182925,0.844047530554235,34470366.46951857,9470366.469518572,Entrenamiento (Train)
Mikel Oyarzabal,Real Sociedad,Spain,28.0,La_Liga,25000000.0,12,2123,3,13.3266333155334,5.215658290311694,62497281.262321755,37497281.262321755,Entrenamiento (Train)
Dani Vivian,Athletic Bilbao,Spain,26.0,La_Liga,25000000.0,0,2010,0,1.3388212267309427,1.5774906277656555,28750214.903022975,3750214.9030229747,Entrenamiento (Train)
Unai Simón,Athletic Bilbao,Spain,28.0,La_Liga,25000000.0,0,2520,0,0.0,0.0318873859941959,24342475.535913996,-657524.4640860036,Validación (Test)
Éder Militão,Real Madrid,Brazil,28.0,La_Liga,25000000.0,1,1006,1,1.4660748494789004,1.0907561480998993,24178998.70879824,-821001.2912017591,Entrenamiento (Train)
Renato Veiga,Villarreal CF,Portugal,22.0,La_Liga,25000000.0,0,1743,0,0.1798072038218379,0.0500294882804155,28893697.70735518,3893697.707355179,Entrenamiento (Train)
Natan,Real Betis Balompié,Brazil,25.0,La_Liga,25000000.0,0,2177,0,0.3566119400784373,0.1875674026086926,27271537.54039456,2271537.5403945595,Entrenamiento (Train)
Robin Le Normand,Atlético de Madrid,Spain,29.0,La_Liga,25000000.0,1,1266,0,1.0887540504336355,0.0452499352395534,20264105.550463002,-4735894.449536998,Entrenamiento (Train)
Gerard Martín,FC Barcelona,Spain,24.0,La_Liga,25000000.0,0,1376,0,0.1608846094459295,0.6431598840281367,26083423.152086332,1083423.1520863324,Entrenamiento (Train)
Marcos Llorente,Atlético de Madrid,Spain,31.0,La_Liga,22000000.0,0,1767,4,1.706272929906845,4.123315867036581,32393958.626870647,10393958.626870647,Entrenamiento (Train)
Johnny Cardoso,Atlético de Madrid,United States,24.0,La_Liga,22000000.0,0,726,0,0.0442219888791441,0.3355124518275261,22831206.310609166,831206.3106091656,Entrenamiento (Train)
Víctor Muñoz,CA Osasuna,Spain,22.0,La_Liga,20000000.0,5,2227,2,5.225138721987605,1.9961427552625537,47648725.15022069,27648725.150220692,Entrenamiento (Train)
Jon Martín,Real Sociedad,Spain,19.0,La_Liga,20000000.0,0,1530,0,1.0390478884801269,0.1884760037064552,32662555.576999888,12662555.576999888,Validación (Test)
Enzo Boyomo,CA Osasuna,Cameroon,24.0,La_Liga,20000000.0,1,1734,1,0.6836859192699194,1.3994310349225998,32078964.268720977,12078964.268720977,Validación (Test)
Sergi Altimira,Real Betis Balompié,Spain,24.0,La_Liga,20000000.0,1,910,1,0.4064977653324604,0.4689296148717403,26820016.740060568,6820016.740060568,Validación (Test)
Alexander Sørloth,Atlético de Madrid,Norway,30.0,La_Liga,20000000.0,10,1530,0,9.693564794957638,1.2237359210848808,40459945.81781436,20459945.817814358,Entrenamiento (Train)
Thiago Pitarch,Real Madrid,Spain,18.0,La_Liga,20000000.0,0,220,0,0.1911620050668716,0.2106472104787826,28156296.49773428,8156296.497734278,Entrenamiento (Train)
Thiago Almada,Atlético de Madrid,Argentina,24.0,La_Liga,20000000.0,3,916,1,3.392496343702078,1.9072739090770483,34413367.93700664,14413367.937006637,Entrenamiento (Train)
Matteo Ruggeri,Atlético de Madrid,Italy,23.0,La_Liga,20000000.0,0,1241,3,0.1998444329947233,2.900176053866744,35416907.10660991,15416907.10660991,Entrenamiento (Train)
Rodrigo Mendoza,Atlético de Madrid,Spain,21.0,La_Liga,20000000.0,1,1008,0,0.6250370051711798,0.8039742140099406,30331911.136112448,10331911.136112448,Entrenamiento (Train)
Ronald Araujo,FC Barcelona,Uruguay,27.0,La_Liga,20000000.0,2,718,0,1.7339428029954431,0.0485102459788322,22379879.918595593,2379879.9185955934,Entrenamiento (Train)
Marc Casadó,FC Barcelona,Spain,22.0,La_Liga,20000000.0,0,820,1,0.4599047219380736,0.4292725957930088,27581698.142073072,7581698.1420730725,Entrenamiento (Train)
Óscar Mingueza,Celta de Vigo,Spain,26.0,La_Liga,18000000.0,1,1527,4,0.4965645000338554,2.7699750773608685,35520860.74619748,17520860.746197477,Entrenamiento (Train)
Andrei Rațiu,Rayo Vallecano,Romania,27.0,La_Liga,18000000.0,0,2107,3,1.966951260343194,4.499579044058919,38218465.101821445,20218465.101821445,Entrenamiento (Train)
Ander Barrenetxea,Real Sociedad,Spain,24.0,La_Liga,18000000.0,3,1292,3,2.270261301659048,5.346164049580693,44570111.78715669,26570111.787156694,Entrenamiento (Train)
Beñat Prados,Athletic Bilbao,Spain,25.0,La_Liga,18000000.0,0,87,0,0.0202444195747375,0.03657878190279,18461096.797602616,461096.79760261625,Entrenamiento (Train)
Thibaut Courtois,Real Madrid,Belgium,33.0,La_Liga,18000000.0,0,2520,0,0.0,0.0,18059208.919671774,59208.91967177391,Entrenamiento (Train)
Jan Oblak,Atlético de Madrid,Slovenia,33.0,La_Liga,17000000.0,0,2340,0,0.0,0.0,17346173.027397424,346173.027397424,Validación (Test)
Carlos Álvarez,Levante UD,Spain,22.0,La_Liga,15000000.0,3,1820,1,2.535831674002111,4.416497340425849,44719466.617737494,29719466.617737494,Entrenamiento (Train)
Julen Agirrezabala,Valencia CF,Spain,25.0,La_Liga,15000000.0,0,1620,0,0.0,0.0134038729593157,24474597.899363354,9474597.899363354,Validación (Test)
Juanlu Sánchez,Sevilla FC,Spain,22.0,La_Liga,15000000.0,0,1626,3,0.6089474335312843,1.4024052396416664,35584762.730683245,20584762.730683245,Validación (Test)
Jan Virgili,RCD Mallorca,Spain,19.0,La_Liga,15000000.0,0,1476,4,1.8502737414091823,3.4738964876160026,45021427.37896357,30021427.378963567,Entrenamiento (Train)
Vladyslav Vanat,Girona FC,Ukraine,24.0,La_Liga,15000000.0,9,1917,1,9.496832385659218,2.104125237092376,51099621.4653645,36099621.4653645,Validación (Test)
Claudio Echeverri,Girona FC,Argentina,20.0,La_Liga,15000000.0,1,220,1,1.0410882513970137,0.9266623705625534,30400331.651084706,15400331.651084706,Validación (Test)
Roony Bardghji,FC Barcelona,Sweden,20.0,La_Liga,15000000.0,1,362,1,1.4823282193392515,1.71273129619658,32795566.504700407,17795566.504700407,Validación (Test)
Samú Costa,RCD Mallorca,Portugal,25.0,La_Liga,15000000.0,5,1980,0,2.2377785751596093,0.9610254997387528,35985053.997421965,20985053.997421965,Validación (Test)
Omar El Hilali,RCD Espanyol Barcelona,Morocco,22.0,La_Liga,15000000.0,0,2049,2,0.0136713292449712,1.4032845590263603,35425784.58857573,20425784.58857573,Validación (Test)
Viktor Tsygankov,Girona FC,Ukraine,28.0,La_Liga,15000000.0,5,1782,4,4.829901099205017,3.101370452903211,43097544.56154099,28097544.56154099,Entrenamiento (Train)
Sergio Gómez,Real Sociedad,Spain,25.0,La_Liga,15000000.0,0,1983,2,0.7257826225832105,4.541527139954269,38000461.058984764,23000461.058984764,Entrenamiento (Train)
Williot Swedberg,Celta de Vigo,Sweden,22.0,La_Liga,15000000.0,3,867,2,3.5519397780299187,1.229947291314602,36925412.26262265,21925412.262622647,Validación (Test)
Miguel Román,Celta de Vigo,Spain,23.0,La_Liga,15000000.0,1,1297,0,1.1040805764496326,2.089981175027788,31813393.020381667,16813393.020381667,Entrenamiento (Train)
Jon Aramburu,Real Sociedad,Venezuela,23.0,La_Liga,15000000.0,1,2151,0,1.8415956757962704,0.3547795210033655,32370139.606940366,17370139.606940366,Entrenamiento (Train)
Nahuel Molina,Atlético de Madrid,Argentina,27.0,La_Liga,15000000.0,1,987,1,0.2684245500713587,1.3222720678895712,24941956.770955645,9941956.770955645,Entrenamiento (Train)
Aitor Paredes,Athletic Bilbao,Spain,25.0,La_Liga,15000000.0,1,1445,0,1.343791265040636,0.7405439838767052,27475243.112828203,12475243.112828203,Entrenamiento (Train)
Erling Haaland,Manchester City,Norway,25.0,EPL,200000000.0,22,2439,7,23.13693391531706,4.766327390447259,92571754.58409068,-107428245.41590932,Entrenamiento (Train)
Declan Rice,Arsenal FC,England,27.0,EPL,120000000.0,4,2593,5,3.6364860106259584,7.149592153728008,54603941.416293755,-65396058.583706245,Entrenamiento (Train)
Bukayo Saka,Arsenal FC,England,24.0,EPL,120000000.0,6,2010,3,8.220870432443917,6.403588719666004,57692289.11635797,-62307710.88364203,Entrenamiento (Train)
Cole Palmer,Chelsea FC,England,23.0,EPL,110000000.0,9,1377,1,8.346429117023945,1.710292803123593,48624490.00292827,-61375509.99707173,Validación (Test)
Moisés Caicedo,Chelsea FC,Ecuador,24.0,EPL,110000000.0,3,2110,1,1.2985489182174206,2.06601207703352,37957890.452850185,-72042109.5471498,Entrenamiento (Train)
Florian Wirtz,Liverpool FC,Germany,22.0,EPL,110000000.0,4,1965,2,5.906989771872759,4.174580987542868,49972570.879763454,-60027429.120236546,Entrenamiento (Train)
Alexander Isak,Liverpool FC,Sweden,26.0,EPL,100000000.0,2,519,1,2.7675887029618025,0.8461103290319443,26525181.96835033,-73474818.03164968,Validación (Test)
Dominik Szoboszlai,Liverpool FC,Hungary,25.0,EPL,100000000.0,5,2516,3,3.689519915729761,5.571791388094425,52285274.39870391,-47714725.60129609,Entrenamiento (Train)
William Saliba,Arsenal FC,France,24.0,EPL,90000000.0,1,2069,0,1.5777585953474045,0.4255808107554912,30749756.79023471,-59250243.209765285,Entrenamiento (Train)
Enzo Fernández,Chelsea FC,Argentina,25.0,EPL,90000000.0,8,2519,3,10.2368973325938,7.247083641588688,64193760.346912146,-25806239.653087854,Entrenamiento (Train)
Ryan Gravenberch,Liverpool FC,Netherlands,23.0,EPL,90000000.0,4,2444,3,1.2909306352958083,2.10018627718091,44742182.32707365,-45257817.67292635,Entrenamiento (Train)
Hugo Ekitiké,Liverpool FC,France,23.0,EPL,90000000.0,11,1828,4,11.932188130915163,2.49130567535758,61374819.45997651,-28625180.54002349,Entrenamiento (Train)
Morgan Rogers,Aston Villa,England,23.0,EPL,80000000.0,8,2690,5,4.971277600154281,5.641401749104261,63331036.524133444,-16668963.475866556,Entrenamiento (Train)
Martín Zubimendi,Arsenal FC,Spain,27.0,EPL,80000000.0,5,2637,1,2.827678130939603,0.8698590472340584,37755350.67960585,-42244649.32039415,Entrenamiento (Train)
Phil Foden,Manchester City,England,25.0,EPL,80000000.0,7,1821,3,6.085879135876894,4.706622212193906,52232223.385290116,-27767776.614709884,Validación (Test)
Estêvão,Chelsea FC,Brazil,18.0,EPL,80000000.0,2,753,2,3.76144253462553,2.7679440770298243,43239268.894333765,-36760731.105666235,Entrenamiento (Train)
Sandro Tonali,Newcastle United,Italy,25.0,EPL,80000000.0,0,2082,2,1.2549977814778686,2.814313603565097,35433438.164499894,-44566561.835500106,Entrenamiento (Train)
Alexis Mac Allister,Liverpool FC,Argentina,27.0,EPL,80000000.0,2,2119,2,3.3513216068968177,1.805450948886573,35300072.30474241,-44699927.69525759,Entrenamiento (Train)
Bryan Mbeumo,Manchester United,Cameroon,26.0,EPL,80000000.0,9,2169,3,9.640242125838997,4.280412118881941,56739423.89200392,-23260576.107996076,Entrenamiento (Train)
Gabriel,Arsenal FC,Brazil,28.0,EPL,75000000.0,3,2167,4,3.203062755987048,2.645656555891037,39919469.03705614,-35080530.96294386,Entrenamiento (Train)
João Pedro,Chelsea FC,Brazil,24.0,EPL,75000000.0,14,2265,5,14.05957169085741,3.730416428297758,71178687.83756064,-3821312.162439361,Entrenamiento (Train)
Antoine Semenyo,Manchester City,Ghana,26.0,EPL,75000000.0,15,2597,4,11.201724836602809,3.091043023392558,66653745.234870315,-8346254.765129685,Entrenamiento (Train)
Bruno Guimarães,Newcastle United,Brazil,28.0,EPL,75000000.0,9,2022,4,5.774607993662357,3.148786906152964,50140616.84649659,-24859383.15350341,Entrenamiento (Train)
Jurriën Timber,Arsenal FC,Netherlands,24.0,EPL,70000000.0,3,2475,5,4.030840836465359,2.5891424333676696,48009694.29297319,-21990305.70702681,Entrenamiento (Train)
Josko Gvardiol,Manchester City,Croatia,24.0,EPL,70000000.0,2,1307,2,1.818312879651785,0.4376047477126121,32082150.849500243,-37917849.15049976,Entrenamiento (Train)
Matheus Cunha,Manchester United,Brazil,26.0,EPL,70000000.0,7,1986,2,5.31641966663301,2.453201811760664,45328433.51951988,-24671566.48048012,Entrenamiento (Train)
Viktor Gyökeres,Arsenal FC,Sweden,27.0,EPL,65000000.0,11,1927,0,9.996114503592253,2.0942770866677165,48994590.52618536,-16005409.473814636,Validación (Test)
Rodri,Manchester City,Spain,29.0,EPL,65000000.0,1,1231,0,0.9211645582690836,2.236536558717489,24238697.217181023,-40761302.78281897,Entrenamiento (Train)
Marc Guéhi,Manchester City,England,25.0,EPL,65000000.0,2,2520,2,4.218181984499097,2.5567170777358115,41445978.0967075,-23554021.9032925,Entrenamiento (Train)
Micky van de Ven,Tottenham Hotspur,Netherlands,24.0,EPL,65000000.0,4,2370,1,2.423757927492261,0.9611182175576688,38987252.881508745,-26012747.118491255,Validación (Test)
Jérémy Doku,Manchester City,Belgium,23.0,EPL,65000000.0,1,1227,4,2.712628179229796,5.545891216024756,45006274.2748469,-19993725.725153103,Validación (Test)
Nick Woltemade,Newcastle United,Germany,24.0,EPL,65000000.0,7,1645,2,7.658320881426334,1.2546645868569613,45819787.285758026,-19180212.714241974,Entrenamiento (Train)
Cody Gakpo,Liverpool FC,Netherlands,26.0,EPL,65000000.0,6,2067,3,7.736329358071089,5.625002132728696,53580287.11657853,-11419712.883421473,Entrenamiento (Train)
Benjamin Sesko,Manchester United,Slovenia,22.0,EPL,65000000.0,9,1303,1,9.996170883066952,0.5251399390399456,48461881.53724557,-16538118.462754428,Entrenamiento (Train)
Rúben Dias,Manchester City,Portugal,28.0,EPL,60000000.0,2,2052,0,0.4370618928223848,0.4093561610206961,26192932.762758214,-33807067.23724179,Entrenamiento (Train)
Adam Wharton,Crystal Palace,England,22.0,EPL,60000000.0,0,2217,5,0.9826451102271676,4.880828585475683,47735373.24454475,-12264626.755455248,Entrenamiento (Train)
Eberechi Eze,Arsenal FC,England,27.0,EPL,60000000.0,6,1524,2,3.856307918205857,2.542106756940484,40053477.64333315,-19946522.356666848,Entrenamiento (Train)
Reece James,Chelsea FC,England,26.0,EPL,60000000.0,2,1867,4,1.2105660028755665,3.9933422207832336,41071369.128141284,-18928630.871858716,Validación (Test)
Pedro Neto,Chelsea FC,Portugal,26.0,EPL,60000000.0,5,2167,4,4.777144946157932,7.050045987591147,54700907.05569287,-5299092.944307134,Entrenamiento (Train)
Omar Marmoush,Manchester City,Egypt,27.0,EPL,60000000.0,1,573,3,2.8558646515011787,1.474619597196579,28264123.21445177,-31735876.78554823,Entrenamiento (Train)
Tijjani Reijnders,Manchester City,Netherlands,27.0,EPL,60000000.0,5,1500,2,4.472426678985357,3.073294181376696,40091488.251151085,-19908511.748848915,Entrenamiento (Train)
Morgan Gibbs-White,Nottingham Forest,England,26.0,EPL,60000000.0,8,2585,2,8.404764279723167,3.089745642617345,52463100.112311676,-7536899.887688324,Entrenamiento (Train)
Elliot Anderson,Nottingham Forest,England,23.0,EPL,60000000.0,2,2690,2,2.5203143348917365,3.2219876954331994,44683394.47900854,-15316605.52099146,Entrenamiento (Train)
Anthony Gordon,Newcastle United,England,25.0,EPL,60000000.0,5,1724,2,8.197132747620344,3.689731147140265,47311969.322962046,-12688030.677037954,Entrenamiento (Train)
Carlos Baleba,Brighton & Hove Albion,Cameroon,22.0,EPL,55000000.0,0,1310,0,0.388982773758471,0.0938934944570064,27412210.609295554,-27587789.390704446,Entrenamiento (Train)
Mohammed Kudus,Tottenham Hotspur,Ghana,25.0,EPL,55000000.0,2,1577,5,2.362326920963824,2.574139247648418,40658417.781685695,-14341582.218314305,Validación (Test)
Kai Havertz,Arsenal FC,Germany,26.0,EPL,50000000.0,0,267,1,0.3747366666793823,0.2036216706037521,19917211.46922215,-30082788.53077785,Entrenamiento (Train)
Riccardo Calafiori,Arsenal FC,Italy,23.0,EPL,50000000.0,1,1493,2,2.6441258005797863,0.4462862275540828,33336513.285801902,-16663486.714198098,Entrenamiento (Train)
Noni Madueke,Arsenal FC,England,24.0,EPL,50000000.0,1,925,1,1.75526375323534,2.5768766067922115,31912071.148624815,-18087928.851375185,Entrenamiento (Train)
Piero Hincapié,Arsenal FC,Ecuador,24.0,EPL,50000000.0,1,1500,2,0.3972719712182879,2.0693008974194527,33654047.42702326,-16345952.572976738,Entrenamiento (Train)
Marc Cucurella,Chelsea FC,Spain,27.0,EPL,50000000.0,1,1994,3,1.3303389567881825,3.7117608096450567,37127451.1759428,-12872548.824057199,Validación (Test)
Iliman Ndiaye,Everton FC,Senegal,26.0,EPL,50000000.0,5,2085,3,4.565044512972236,3.811655101366341,46557568.17790648,-3442431.8220935166,Entrenamiento (Train)
Xavi Simons,Tottenham Hotspur,Netherlands,22.0,EPL,50000000.0,1,1589,4,1.7202153205871582,4.248675254173577,44471853.95682295,-5528146.043177053,Entrenamiento (Train)
Murillo,Nottingham Forest,Brazil,23.0,EPL,50000000.0,1,1911,0,0.4774698419496417,0.299396033398807,30340533.999814823,-19659466.000185177,Validación (Test)
Ibrahima Konaté,Liverpool FC,France,26.0,EPL,50000000.0,1,2433,0,1.843844497576356,0.6984626250341535,30419678.08423975,-19580321.91576025,Entrenamiento (Train)
Nico O'Reilly,Manchester City,England,20.0,EPL,50000000.0,4,2131,3,4.614134319126606,2.8584181517362595,51067599.59674576,1067599.5967457592,Entrenamiento (Train)
Leny Yoro,Manchester United,France,20.0,EPL,50000000.0,0,1527,0,1.0201239548623562,0.1026026122272014,31226982.79351882,-18773017.20648118,Entrenamiento (Train)
Kobbie Mainoo,Manchester United,England,20.0,EPL,50000000.0,0,993,2,0.1794009869918227,0.584206230007112,32267275.365986563,-17732724.634013437,Entrenamiento (Train)
Amad Diallo,Manchester United,Cote d'Ivoire,23.0,EPL,50000000.0,2,1830,2,4.696328090503812,4.089084632694721,44501901.26115869,-5498098.73884131,Entrenamiento (Train)
Cristian Romero,Tottenham Hotspur,Argentina,27.0,EPL,50000000.0,4,1714,1,1.7972017470747232,1.6926744878292084,33622277.99095937,-16377722.009040631,Entrenamiento (Train)
Gianluigi Donnarumma,Manchester City,Italy,27.0,EPL,45000000.0,0,2430,0,0.0,0.0,25168699.331045084,-19831300.668954916,Entrenamiento (Train)
Amadou Onana,Aston Villa,Belgium,24.0,EPL,45000000.0,2,1509,0,1.886393997818232,0.3916859924793243,30017770.118354887,-14982229.881645113,Entrenamiento (Train)
Gabriel Martinelli,Arsenal FC,Brazil,24.0,EPL,45000000.0,1,801,3,4.059760354459286,1.8745346069335935,34530526.00895386,-10469473.991046138,Entrenamiento (Train)
Andrey Santos,Chelsea FC,Brazil,21.0,EPL,45000000.0,0,946,0,1.7154290862381458,0.6522208489477634,29238148.94888158,-15761851.051118419,Entrenamiento (Train)
Nico González,Manchester City,Spain,24.0,EPL,45000000.0,1,1385,0,0.5000531869009137,0.7464621812105179,27892183.44475678,-17107816.55524322,Entrenamiento (Train)
Jarrad Branthwaite,Everton FC,England,23.0,EPL,45000000.0,1,493,0,0.2857708930969238,0.0926196295768022,24187409.03378725,-20812590.96621275,Entrenamiento (Train)
Malick Thiaw,Newcastle United,Germany,24.0,EPL,45000000.0,4,2304,0,5.050081560388207,0.8268706873059273,38925513.92743779,-6074486.07256221,Validación (Test)
Matheus Nunes,Manchester City,Portugal,27.0,EPL,45000000.0,1,2267,4,0.6754733501002192,2.3404364120215178,36505677.335389175,-8494322.664610825,Entrenamiento (Train)
Jørgen Strand Larsen,Crystal Palace,Norway,26.0,EPL,45000000.0,4,1896,1,5.339312080293894,0.5936462795361876,35988397.90922892,-9011602.090771079,Entrenamiento (Train)
Yankuba Minteh,Brighton & Hove Albion,The Gambia,21.0,EPL,40000000.0,2,1766,4,3.111219169571996,4.392709970474243,49018539.49282971,9018539.49282971,Entrenamiento (Train)
Lucas Bergvall,Tottenham Hotspur,Sweden,20.0,EPL,40000000.0,1,811,2,1.0712264385074377,0.2562577445060015,32880188.10890541,-7119811.8910945915,Entrenamiento (Train)
Pedro Porro,Tottenham Hotspur,Spain,26.0,EPL,40000000.0,0,2095,2,0.6347001725807786,2.8120722826570272,33794321.01851298,-6205678.981487021,Entrenamiento (Train)
Rayan Aït-Nouri,Manchester City,Algeria,24.0,EPL,40000000.0,0,789,2,0.3229123335331678,1.4492103587836027,28254901.46595131,-11745098.534048691,Entrenamiento (Train)
Bruno Fernandes,Manchester United,Portugal,31.0,EPL,40000000.0,7,2362,16,9.846089373342693,12.866856634616852,83708939.87454098,43708939.874540985,Entrenamiento (Train)
Matthijs de Ligt,Manchester United,Netherlands,26.0,EPL,40000000.0,1,1170,0,1.3233719654381275,0.4281761646270752,24523636.713230684,-15476363.286769316,Entrenamiento (Train)
Boubacar Kamara,Aston Villa,France,26.0,EPL,40000000.0,1,1434,3,1.0521572744473815,0.7290232917293906,30193861.627204478,-9806138.372795522,Entrenamiento (Train)
Maxence Lacroix,Crystal Palace,France,25.0,EPL,40000000.0,1,2489,2,2.7277242727577686,1.2082335203886032,36324632.32267664,-3675367.6773233637,Entrenamiento (Train)
Lisandro Martínez,Manchester United,Argentina,28.0,EPL,40000000.0,0,889,0,0.0539020793512463,0.4361163191497326,18700782.152086627,-21299217.847913373,Entrenamiento (Train)
Milos Kerkez,Liverpool FC,Hungary,22.0,EPL,40000000.0,1,1976,1,0.9479845771566032,1.747715525329113,36387317.38588072,-3612682.6141192764,Validación (Test)
Ezri Konsa,Aston Villa,England,28.0,EPL,40000000.0,0,2586,0,0.8423888944089413,0.5653226673603058,26234480.03764698,-13765519.96235302,Entrenamiento (Train)
Trevoh Chalobah,Chelsea FC,England,26.0,EPL,40000000.0,3,2560,0,1.7106420220807197,0.6142567321658134,33329051.821260173,-6670948.178739827,Entrenamiento (Train)
Anthony Elanga,Newcastle United,Sweden,23.0,EPL,40000000.0,0,1135,1,1.2046642061322927,1.749520514160395,30665965.418677166,-9334034.581322834,Validación (Test)
Bart Verbruggen,Brighton & Hove Albion,Netherlands,23.0,EPL,40000000.0,0,2700,0,0.0,0.076464258134365,31363288.78136521,-8636711.218634792,Entrenamiento (Train)
Alex Scott,AFC Bournemouth,England,22.0,EPL,40000000.0,2,2285,1,2.985505355522037,1.7566952286288142,40412322.77500275,412322.7750027478,Entrenamiento (Train)
Rayan,AFC Bournemouth,Brazil,19.0,EPL,40000000.0,2,545,1,1.106078453361988,1.1611870508641005,34763320.26576148,-5236679.73423852,Entrenamiento (Train)
Alejandro Garnacho,Chelsea FC,Argentina,21.0,EPL,40000000.0,1,1102,4,3.784420285373926,4.106879755854607,44983847.86005989,4983847.860059887,Entrenamiento (Train)
Youri Tielemans,Aston Villa,Belgium,28.0,EPL,35000000.0,0,1302,4,1.6127015110105276,2.6451452299952507,31363083.146883152,-3636916.8531168476,Entrenamiento (Train)
Brennan Johnson,Crystal Palace,Wales,24.0,EPL,35000000.0,2,1211,1,1.989457719027996,0.983729287981987,31466496.67259159,-3533503.3274084106,Entrenamiento (Train)
João Gomes,Wolverhampton Wanderers,Brazil,25.0,EPL,35000000.0,1,2219,0,1.1228179344907403,0.8508366737514734,30596897.15645559,-4403102.843544409,Entrenamiento (Train)
Malo Gusto,Chelsea FC,France,22.0,EPL,35000000.0,2,1725,3,1.8716575969010592,2.8790541905909777,42392694.25199093,7392694.251990929,Validación (Test)
Mateus Fernandes,West Ham United,Portugal,21.0,EPL,35000000.0,3,2327,3,1.0514070615172386,2.4589064326137304,45957697.683530435,10957697.683530435,Entrenamiento (Train)
Jamal Musiala,Bayern Munich,Germany,23.0,Bundesliga,130000000.0,1,278,2,1.7908645644783974,0.4844855815172195,27989373.765502553,-102010626.23449744,Entrenamiento (Train)
Michael Olise,Bayern Munich,France,24.0,Bundesliga,130000000.0,10,1888,17,8.666429398581386,14.852641334757209,98944786.23106325,-31055213.768936753,Entrenamiento (Train)
Luis Díaz,Bayern Munich,Colombia,29.0,Bundesliga,70000000.0,15,2087,11,13.144643872976305,8.126589147374034,81896634.22600646,11896634.226006463,Entrenamiento (Train)
Aleksandar Pavlovic,Bayern Munich,Germany,21.0,Bundesliga,65000000.0,3,1320,1,1.4776572212576866,1.6352257747203112,37856973.060552634,-27143026.939447366,Validación (Test)
Harry Kane,Bayern Munich,England,32.0,Bundesliga,65000000.0,30,1993,5,24.536930206231773,6.123671980574727,93544945.92244604,28544945.922446042,Entrenamiento (Train)
Lennart Karl,Bayern Munich,Germany,18.0,Bundesliga,60000000.0,4,1041,3,5.297977589070797,2.2685851845890284,48586357.22687637,-11413642.77312363,Entrenamiento (Train)
Karim Adeyemi,Borussia Dortmund,Germany,24.0,Bundesliga,60000000.0,6,1125,3,4.6182122230529785,2.954679423943162,44957865.73186493,-15042134.26813507,Entrenamiento (Train)
Nico Schlotterbeck,Borussia Dortmund,Germany,26.0,Bundesliga,55000000.0,4,1800,1,3.1651716819033027,0.8571173064410686,34567993.63075736,-20432006.36924264,Entrenamiento (Train)
Alphonso Davies,Bayern Munich,Canada,25.0,Bundesliga,50000000.0,0,354,1,0.1038190051913261,0.2539216466248035,21410314.909128845,-28589685.090871155,Entrenamiento (Train)
Yan Diomande,RB Leipzig,Cote d'Ivoire,19.0,Bundesliga,45000000.0,10,1819,5,6.414470110088587,6.691301753744483,70578126.93634261,25578126.936342612,Entrenamiento (Train)
Castello Lukeba,RB Leipzig,France,23.0,Bundesliga,45000000.0,1,1806,0,0.8890010062605143,0.2401187624782323,30103305.77672147,-14896694.22327853,Entrenamiento (Train)
Angelo Stiller,VfB Stuttgart,Germany,24.0,Bundesliga,45000000.0,1,2054,5,2.377443220466376,5.223305101506412,47588218.25356723,2588218.2535672337,Entrenamiento (Train)
Nicolas Jackson,Bayern Munich,Senegal,24.0,Bundesliga,45000000.0,4,564,0,4.589569272473455,1.1904625538736582,32407033.63187526,-12592966.368124738,Entrenamiento (Train)
Can Uzun,Eintracht Frankfurt,Türkiye,20.0,Bundesliga,45000000.0,6,817,3,2.734463332220912,2.259539982303977,46030269.67476431,1030269.6747643128,Entrenamiento (Train)
Felix Nmecha,Borussia Dortmund,Germany,25.0,Bundesliga,45000000.0,2,2015,3,1.951179763302207,1.8036808986216784,37787960.355051145,-7212039.644948855,Entrenamiento (Train)
Luka Vuskovic,Hamburger SV,Croatia,19.0,Bundesliga,40000000.0,5,2070,0,4.477153269574046,0.4103483697399497,44339415.86143648,4339415.861436479,Entrenamiento (Train)
Tom Bischof,Bayern Munich,Germany,20.0,Bundesliga,40000000.0,0,894,3,0.963580884039402,1.929701518267393,36444936.51628399,-3555063.483716011,Entrenamiento (Train)
Said El Mala,1.FC Köln,Germany,19.0,Bundesliga,40000000.0,9,1301,3,8.208328248932958,1.855044599622488,56306350.79703476,16306350.797034763,Validación (Test)
Jarell Quansah,Bayer 04 Leverkusen,England,23.0,Bundesliga,40000000.0,3,1783,0,2.552643559873104,0.8263874910771847,34993774.89046099,-5006225.10953901,Entrenamiento (Train)
Joshua Kimmich,Bayern Munich,Germany,31.0,Bundesliga,40000000.0,2,1717,6,2.033463401719928,5.904979597777128,41358651.238063395,1358651.238063395,Entrenamiento (Train)
Hugo Larsson,Eintracht Frankfurt,Sweden,21.0,Bundesliga,40000000.0,1,1331,2,0.8406409472227097,0.7942090816795826,34570542.26740326,-5429457.73259674,Entrenamiento (Train)
Gregor Kobel,Borussia Dortmund,Switzerland,28.0,Bundesliga,40000000.0,0,2340,0,0.0,0.0,23567846.65865616,-16432153.341343839,Validación (Test)
Serhou Guirassy,Borussia Dortmund,Guinea,30.0,Bundesliga,40000000.0,12,1818,1,14.08782097324729,1.762090252712369,49847530.14924203,9847530.149242029,Entrenamiento (Train)
Malik Tillman,Bayer 04 Leverkusen,United States,23.0,Bundesliga,35000000.0,4,1476,1,3.983445711433888,3.3061595410108566,42331054.783322066,7331054.783322066,Entrenamiento (Train)
Edmond Tapsoba,Bayer 04 Leverkusen,Burkina Faso,27.0,Bundesliga,35000000.0,4,1949,2,3.2409368911758065,1.2413615845143795,36122261.50396254,1122261.5039625391,Entrenamiento (Train)
Nathaniel Brown,Eintracht Frankfurt,Germany,22.0,Bundesliga,35000000.0,3,1989,4,1.5910619869828224,2.790567673742771,45811751.621051356,10811751.621051356,Validación (Test)
Jonathan Burkardt,Eintracht Frankfurt,Germany,25.0,Bundesliga,35000000.0,9,908,0,9.555757485330105,0.2223390340805053,40853301.778296925,5853301.778296925,Entrenamiento (Train)
Antonio Nusa,RB Leipzig,Norway,20.0,Bundesliga,32000000.0,2,1622,2,4.723050817847252,4.122364494949579,47494274.94686028,15494274.946860284,Entrenamiento (Train)
Bilal El Khannouss,VfB Stuttgart,Morocco,21.0,Bundesliga,32000000.0,3,1355,3,1.7664454439654946,4.051339050754905,45692663.41876044,13692663.418760441,Entrenamiento (Train)
Josip Stanisic,Bayern Munich,Croatia,25.0,Bundesliga,32000000.0,2,1334,3,1.0486250892281532,1.84907984174788,34534946.58845398,2534946.5884539783,Entrenamiento (Train)
Konrad Laimer,Bayern Munich,Austria,28.0,Bundesliga,32000000.0,3,1521,4,2.7632063534110785,3.193808199837804,38105871.03862113,6105871.038621128,Entrenamiento (Train)
Rômulo,RB Leipzig,Brazil,24.0,Bundesliga,30000000.0,7,1692,4,11.753620255738497,3.3973602056503296,55886952.04983432,25886952.04983432,Entrenamiento (Train)
Johan Manzambi,SC Freiburg,Switzerland,20.0,Bundesliga,30000000.0,3,1588,2,1.7931538131088018,2.413593184202909,43303390.07195726,13303390.07195726,Entrenamiento (Train)
Exequiel Palacios,Bayer 04 Leverkusen,Argentina,27.0,Bundesliga,30000000.0,0,367,0,0.2014015652239322,0.1910003423690796,17508942.6319492,-12491057.368050799,Entrenamiento (Train)
Jonathan Tah,Bayern Munich,Germany,30.0,Bundesliga,30000000.0,2,1769,1,0.6638064542785287,0.5882400423288345,24502479.965923283,-5497520.034076717,Entrenamiento (Train)
Fisnik Asllani,TSG 1899 Hoffenheim,Kosovo,23.0,Bundesliga,30000000.0,8,1817,5,7.574554221704602,4.250370090827346,59040710.5344972,29040710.5344972,Entrenamiento (Train)
Maximilian Beier,Borussia Dortmund,Germany,23.0,Bundesliga,30000000.0,8,1474,4,6.835557669401169,2.820174797438085,52980737.70797683,22980737.707976833,Entrenamiento (Train)
Assan Ouédraogo,RB Leipzig,Germany,19.0,Bundesliga,28000000.0,3,632,3,2.1908827032893896,2.719928711652756,43047985.38182411,15047985.381824113,Entrenamiento (Train)
Brajan Gruda,RB Leipzig,Germany,21.0,Bundesliga,28000000.0,1,423,1,1.003840409219265,1.4605691079050305,30964887.288665242,2964887.2886652425,Entrenamiento (Train)
Loïc Badé,Bayer 04 Leverkusen,France,25.0,Bundesliga,28000000.0,0,1382,0,0.923286280594766,0.1378594860434532,24430025.56394632,-3569974.4360536784,Entrenamiento (Train)
Fábio Silva,Borussia Dortmund,Portugal,23.0,Bundesliga,28000000.0,1,567,5,1.535756969824433,2.1485821530222893,36403330.57638404,8403330.576384038,Entrenamiento (Train)
Kaishu Sano,1.FSV Mainz 05,Japan,25.0,Bundesliga,25000000.0,1,2340,1,0.9717469662427902,2.5239397678524256,35612498.436177924,10612498.436177924,Entrenamiento (Train)
Johan Bakayoko,RB Leipzig,Belgium,22.0,Bundesliga,25000000.0,2,727,0,1.7686516754329205,0.9762161877006292,30453871.479963858,5453871.479963858,Entrenamiento (Train)
Jamie Leweling,VfB Stuttgart,Germany,25.0,Bundesliga,25000000.0,7,1848,6,3.726155199110508,4.18502963334322,53886988.11450025,28886988.114500247,Entrenamiento (Train)
Finn Jeltsch,VfB Stuttgart,Germany,19.0,Bundesliga,25000000.0,0,1271,1,0.1950984485447406,0.1018767990171909,32280193.32384222,7280193.32384222,Entrenamiento (Train)
Bazoumana Touré,TSG 1899 Hoffenheim,Cote d'Ivoire,20.0,Bundesliga,25000000.0,2,1738,7,3.9436693312600255,5.330840213224292,56793698.81905997,31793698.819059968,Entrenamiento (Train)
Patrik Schick,Bayer 04 Leverkusen,Czech Republic,30.0,Bundesliga,25000000.0,7,1392,3,10.560425993055103,2.8468840066343546,43906946.417979896,18906946.417979896,Entrenamiento (Train)
Ibrahim Maza,Bayer 04 Leverkusen,Algeria,20.0,Bundesliga,25000000.0,2,1155,3,3.113314004614949,3.4117477741092443,44537012.53107506,19537012.53107506,Entrenamiento (Train)
Konstantinos Koulierakis,VfL Wolfsburg,Greece,22.0,Bundesliga,25000000.0,2,1846,0,2.3602450247853994,0.8804963985458016,35123186.60362408,10123186.603624083,Entrenamiento (Train)
Arnaud Kalimuendo,Eintracht Frankfurt,France,24.0,Bundesliga,25000000.0,4,761,1,3.1369888335466385,0.916760504245758,33035987.23144931,8035987.23144931,Entrenamiento (Train)
Ritsu Doan,Eintracht Frankfurt,Japan,27.0,Bundesliga,25000000.0,4,2059,5,3.649487163871527,5.624032691121101,49551127.01894597,24551127.01894597,Entrenamiento (Train)
Carney Chukwuemeka,Borussia Dortmund,Austria,22.0,Bundesliga,25000000.0,2,629,0,2.304413612931967,0.5800747573375702,29682204.954516955,4682204.954516955,Entrenamiento (Train)
Jobe Bellingham,Borussia Dortmund,England,20.0,Bundesliga,25000000.0,0,1105,1,0.6892109289765358,0.5675880257040262,31629884.46494803,6629884.464948028,Entrenamiento (Train)
Conrad Harder,RB Leipzig,Denmark,20.0,Bundesliga,24000000.0,2,742,3,3.6867622919380665,2.3702129013836384,41297755.984998524,17297755.984998524,Entrenamiento (Train)
Arthur Theate,Eintracht Frankfurt,Belgium,25.0,Bundesliga,24000000.0,1,1705,0,1.006389000453055,0.4315696712583303,27667983.094504252,3667983.094504252,Entrenamiento (Train)
Ermedin Demirovic,VfB Stuttgart,Bosnia-Herzegovina,27.0,Bundesliga,22000000.0,8,1177,2,5.846608087420464,1.6134076975286007,40966940.44071113,18966940.440711133,Entrenamiento (Train)
Christian Kofane,Bayer 04 Leverkusen,Cameroon,19.0,Bundesliga,22000000.0,5,981,3,6.5611046105623245,1.7720793914049864,48377178.736122906,26377178.736122906,Entrenamiento (Train)
Daniel Svensson,Borussia Dortmund,Sweden,24.0,Bundesliga,22000000.0,2,2033,2,1.877221655100584,3.175162060186267,40287840.14089609,18287840.14089609,Entrenamiento (Train)
Chrislain Matsima,FC Augsburg,France,23.0,Bundesliga,22000000.0,1,1260,1,0.5306734442710876,0.5844853427261114,29762487.883538023,7762487.883538023,Entrenamiento (Train)
Noah Atubolu,SC Freiburg,Germany,23.0,Bundesliga,20000000.0,0,2340,0,0.0,0.3081289026886225,30384695.4127592,10384695.4127592,Entrenamiento (Train)
Deniz Undav,VfB Stuttgart,Germany,29.0,Bundesliga,20000000.0,16,1647,4,14.955591302365065,3.0697365514934063,63122819.82815199,43122819.82815199,Entrenamiento (Train)
Christoph Baumgartner,RB Leipzig,Austria,26.0,Bundesliga,20000000.0,10,2093,6,12.89596151560545,2.803140627220273,61473021.67281126,41473021.67281126,Entrenamiento (Train)
David Raum,RB Leipzig,Germany,27.0,Bundesliga,20000000.0,3,2220,5,2.2789241075515747,9.45464627072215,55279607.50275923,35279607.50275923,Entrenamiento (Train)
Aleix García,Bayer 04 Leverkusen,Spain,28.0,Bundesliga,20000000.0,2,2126,5,1.9217562694102528,3.858132775872946,41266409.04396779,21266409.04396779,Entrenamiento (Train)
Ernest Poku,Bayer 04 Leverkusen,Netherlands,22.0,Bundesliga,20000000.0,5,1390,4,3.642260760068893,2.573573093861341,47145066.23520573,27145066.235205732,Entrenamiento (Train)
Serge Gnabry,Bayern Munich,Germany,30.0,Bundesliga,20000000.0,6,1125,6,5.21661077067256,4.769765607081354,45660750.49881149,25660750.49881149,Entrenamiento (Train)
Julian Brandt,Borussia Dortmund,Germany,29.0,Bundesliga,20000000.0,6,1213,3,4.301542589440942,3.8335540425032377,40556781.57606735,20556781.57606735,Validación (Test)
Julian Ryerson,Borussia Dortmund,Norway,28.0,Bundesliga,20000000.0,0,1589,12,0.5392383337020874,7.200085457414389,51830886.406839,31830886.406839,Entrenamiento (Train)
Yan Couto,Borussia Dortmund,Brazil,23.0,Bundesliga,20000000.0,1,982,2,0.5621986016631126,2.849770877510309,34471469.30410043,14471469.304100432,Entrenamiento (Train)
Karim Coulibaly,SV Werder Bremen,Germany,18.0,Bundesliga,20000000.0,1,1741,0,1.1301267184317112,0.1730191968381405,36109683.60825384,16109683.608253837,Entrenamiento (Train)
Paul Nebel,1.FSV Mainz 05,Germany,23.0,Bundesliga,18000000.0,2,1402,1,3.0913608744740486,3.831310987472534,39752853.81723848,21752853.81723848,Validación (Test)
Fábio Vieira,Hamburger SV,Portugal,25.0,Bundesliga,18000000.0,5,1552,4,3.9256583182141194,3.076237378641963,45226645.15203782,27226645.15203782,Entrenamiento (Train)
Maximilian Mittelstädt,VfB Stuttgart,Germany,28.0,Bundesliga,18000000.0,4,1624,3,3.5066699385643005,3.999911401420832,40520373.858215235,22520373.858215235,Entrenamiento (Train)
Hiroki Ito,Bayern Munich,Japan,26.0,Bundesliga,18000000.0,1,475,2,1.4641361720860004,0.598396485671401,25023987.872358758,7023987.872358758,Entrenamiento (Train)
Leopold Querfeld,1.FC Union Berlin,Austria,22.0,Bundesliga,18000000.0,2,2250,0,3.526513454504311,2.038518369197845,39791310.163844086,21791310.163844086,Entrenamiento (Train)
Ezechiel Banzuzi,RB Leipzig,DR Congo,21.0,Bundesliga,18000000.0,0,473,1,1.0194907300174236,0.353797547519207,27704366.466195498,9704366.466195498,Entrenamiento (Train)
Waldemar Anton,Borussia Dortmund,Germany,29.0,Bundesliga,18000000.0,2,2160,0,1.2234948333352804,0.3702468695119023,25861195.322603006,7861195.322603006,Entrenamiento (Train)
Nicolas Seiwald,RB Leipzig,Austria,24.0,Bundesliga,18000000.0,0,2217,2,1.405506957322359,1.27629011310637,34348971.81300339,16348971.813003391,Entrenamiento (Train)
Nadiem Amiri,1.FSV Mainz 05,Germany,29.0,Bundesliga,17000000.0,10,1667,2,7.3520552739501,4.181111939251423,49115479.19867718,32115479.198677182,Entrenamiento (Train)
Leon Avdullahu,TSG 1899 Hoffenheim,Kosovo,22.0,Bundesliga,17000000.0,0,2294,1,0.4837837256491184,1.0303920581936836,34598792.520501934,17598792.520501934,Entrenamiento (Train)
Rocco Reitz,Borussia Mönchengladbach,Germany,23.0,Bundesliga,17000000.0,0,2056,2,1.794164282269776,2.503136751241982,37602196.87557309,20602196.87557309,Entrenamiento (Train)
Romano Schmid,SV Werder Bremen,Austria,26.0,Bundesliga,17000000.0,2,2299,7,6.242162765003741,9.03415323421359,60340857.54065965,43340857.54065965,Entrenamiento (Train)
Robin Koch,Eintracht Frankfurt,Germany,29.0,Bundesliga,15000000.0,3,2210,1,1.8568208049982784,0.2771376315504312,29074754.721757032,14074754.721757032,Entrenamiento (Train)
Chema Andrés,VfB Stuttgart,Spain,20.0,Bundesliga,15000000.0,1,860,0,0.9713077396154404,0.3122939420863986,30286964.197704986,15286964.197704986,Entrenamiento (Train)
Lovro Majer,VfL Wolfsburg,Croatia,28.0,Bundesliga,15000000.0,2,1294,3,3.23336070869118,2.536715382710099,33528294.22230634,18528294.22230634,Entrenamiento (Train)
Nathan Tella,Bayer 04 Leverkusen,Nigeria,26.0,Bundesliga,15000000.0,0,458,2,1.0251940991729498,1.6359559632837772,25316114.314985882,10316114.314985882,Entrenamiento (Train)
Farès Chaïbi,Eintracht Frankfurt,Algeria,23.0,Bundesliga,15000000.0,2,1401,8,2.028394289314747,3.1862661708146334,47630911.511079505,32630911.511079505,Entrenamiento (Train)
Nnamdi Collins,Eintracht Frankfurt,Germany,22.0,Bundesliga,15000000.0,1,1423,2,0.3293054718524217,0.4561577998101711,32673358.82954573,17673358.82954573,Entrenamiento (Train)
Noahkai Banks,FC Augsburg,United States,19.0,Bundesliga,15000000.0,1,1669,1,1.230864397250116,0.9259122600778936,37518368.28321086,22518368.28321086,Entrenamiento (Train)
Ansgar Knauff,Eintracht Frankfurt,Germany,24.0,Bundesliga,15000000.0,4,992,1,3.334427412599325,2.6085463538765907,37359538.11670188,22359538.11670188,Entrenamiento (Train)
Andrija Maksimovic,RB Leipzig,Serbia,18.0,Bundesliga,15000000.0,0,77,0,0.0663988795131445,0.3666895739734173,27802345.81007109,12802345.810071088,Entrenamiento (Train)
Leon Goretzka,Bayern Munich,Germany,31.0,Bundesliga,15000000.0,2,1363,1,1.5831826701760292,1.8932939628139136,24825705.04322048,9825705.043220479,Entrenamiento (Train)
Patrick Wimmer,VfL Wolfsburg,Austria,24.0,Bundesliga,15000000.0,3,1205,3,2.470255134627223,0.6412104349583387,35279982.926999085,20279982.926999085,Entrenamiento (Train)
Lautaro Martínez,Inter Milan,Argentina,28.0,Serie_A,85000000.0,14,1928,4,14.574753515422344,5.348652716726065,66947006.547044426,-18052993.452955574,Validación (Test)
Alessandro Bastoni,Inter Milan,Italy,26.0,Serie_A,80000000.0,1,2029,4,1.6497777961194515,3.027698891237378,38828894.75995501,-41171105.24004499,Validación (Test)
Rafael Leão,AC Milan,Portugal,26.0,Serie_A,70000000.0,9,1500,2,8.16054668277502,3.5112781152129173,50137221.74779287,-19862778.25220713,Entrenamiento (Train)
Nico Paz,Como 1907,Argentina,21.0,Serie_A,65000000.0,9,2316,6,7.80611732788384,5.298342041671276,68439407.19717026,3439407.1971702576,Entrenamiento (Train)
Christian Pulisic,AC Milan,United States,27.0,Serie_A,60000000.0,8,1216,2,8.518750332295895,3.4998181853443384,46669031.426864035,-13330968.573135965,Entrenamiento (Train)
Nicolò Barella,Inter Milan,Italy,29.0,Serie_A,60000000.0,1,1936,6,2.898268112912774,6.546524163335562,45238277.19749609,-14761722.802503914,Entrenamiento (Train)
Marcus Thuram,Inter Milan,France,28.0,Serie_A,60000000.0,7,1422,3,8.832579705864191,2.8599590118974447,45308653.186862156,-14691346.813137844,Validación (Test)
Federico Dimarco,Inter Milan,Italy,28.0,Serie_A,50000000.0,6,2142,13,6.123480170965195,12.7966333553195,78214040.88541329,28214040.88541329,Entrenamiento (Train)
Scott McTominay,SSC Napoli,Scotland,29.0,Serie_A,45000000.0,6,1988,3,6.320848677307367,1.6040442269295454,40759041.21708397,-4240958.782916032,Entrenamiento (Train)
Alessandro Buongiorno,SSC Napoli,Italy,26.0,Serie_A,45000000.0,0,1836,1,1.4577007927000525,0.2635176181793213,27019792.584318776,-17980207.415681224,Entrenamiento (Train)
Rasmus Højlund,SSC Napoli,Denmark,23.0,Serie_A,45000000.0,10,2113,2,11.519811706617476,2.0840611439198256,57267060.75063859,12267060.75063859,Entrenamiento (Train)
Moise Kean,ACF Fiorentina,Italy,26.0,Serie_A,45000000.0,8,1878,1,14.880417615175247,0.0382566284388303,46969854.2858711,1969854.2858711034,Entrenamiento (Train)
Loïs Openda,Juventus FC,Belgium,26.0,Serie_A,40000000.0,1,629,0,3.646697736345232,0.5982526540756226,24364408.920484446,-15635591.079515554,Entrenamiento (Train)
Éderson,Atalanta BC,Brazil,26.0,Serie_A,40000000.0,1,1646,0,3.7686274806037545,1.4682106971740725,30160326.45672202,-9839673.543277979,Entrenamiento (Train)
Charles De Ketelaere,Atalanta BC,Belgium,25.0,Serie_A,35000000.0,3,1566,3,3.667718194425106,8.177074909210205,50874963.59703863,15874963.597038627,Validación (Test)
Dušan Vlahović,Juventus FC,Serbia,26.0,Serie_A,35000000.0,3,684,1,4.618957936763763,0.4843765348196029,29131067.060073785,-5868932.9399262145,Validación (Test)
Mile Svilar,AS Roma,Serbia,26.0,Serie_A,35000000.0,0,2610,0,0.0,0.0,27126069.949571174,-7873930.050428826,Validación (Test)
Matías Soulé,AS Roma,Argentina,22.0,Serie_A,35000000.0,6,1730,4,3.746946400031448,3.127205935306847,50967804.44180792,15967804.441807918,Entrenamiento (Train)
Wesley,AS Roma,Brazil,22.0,Serie_A,35000000.0,4,2130,0,2.3235203810036182,4.544415947049856,45963022.72029679,10963022.720296793,Entrenamiento (Train)
Bremer,Juventus FC,Brazil,28.0,Serie_A,35000000.0,3,1467,3,1.869823514483869,0.4107095804065466,30467480.87914458,-4532519.120855421,Validación (Test)
Yann Bisseck,Inter Milan,Germany,25.0,Serie_A,35000000.0,2,1476,1,2.350083038210869,0.6501033678650856,30884423.257019915,-4115576.7429800853,Entrenamiento (Train)
Ange-Yoan Bonny,Inter Milan,France,22.0,Serie_A,35000000.0,5,770,3,3.919695874676109,1.7661503348499537,41914932.45290404,6914932.452904038,Entrenamiento (Train)
Santiago Castro,Bologna FC 1909,Argentina,21.0,Serie_A,35000000.0,7,1715,2,6.239822936244309,2.4761444739997387,51178814.70100236,16178814.70100236,Entrenamiento (Train)
Christopher Nkunku,AC Milan,France,28.0,Serie_A,32000000.0,5,987,3,7.36657902598381,1.3828837107867002,37024057.20397684,5024057.20397684,Entrenamiento (Train)
Ardon Jashari,AC Milan,Switzerland,23.0,Serie_A,32000000.0,0,459,1,0.2340139765292406,1.0659729093313215,25976224.04204682,-6023775.957953181,Entrenamiento (Train)
Assane Diao,Como 1907,Senegal,20.0,Serie_A,30000000.0,0,364,0,0.8288754597306252,0.3535346146672964,26968412.604037352,-3031587.395962648,Validación (Test)
Jesús Rodríguez,Como 1907,Spain,20.0,Serie_A,30000000.0,1,1504,7,3.6911419834941626,5.440101124346256,54565956.373162575,24565956.373162575,Validación (Test)
Andrea Cambiaso,Juventus FC,Italy,26.0,Serie_A,30000000.0,3,2168,3,2.636385602876544,4.427487708628178,44037911.55116256,14037911.551162563,Validación (Test)
Evan Ndicka,AS Roma,Cote d'Ivoire,26.0,Serie_A,30000000.0,3,2020,0,2.157151769846678,0.4972373712807894,31282041.72427132,1282041.7242713198,Entrenamiento (Train)
Mario Gila,SS Lazio,Spain,25.0,Serie_A,30000000.0,0,2218,0,1.1164315035566688,0.718289490789175,29000439.46672515,-999560.5332748517,Entrenamiento (Train)
Francisco Conceição,Juventus FC,Portugal,23.0,Serie_A,30000000.0,3,1406,2,5.269417155534029,1.7698024399578571,40082666.17610554,10082666.176105537,Entrenamiento (Train)
Petar Sučić,Inter Milan,Croatia,22.0,Serie_A,30000000.0,1,1287,2,1.9561552703380585,2.7749654836952686,37772678.692396134,7772678.692396134,Entrenamiento (Train)
Sam Beukema,SSC Napoli,Netherlands,27.0,Serie_A,28000000.0,2,1233,0,1.649287275969982,0.2575372662395239,24763391.46107265,-3236608.53892735,Entrenamiento (Train)
Youssouf Fofana,AC Milan,France,27.0,Serie_A,28000000.0,1,1687,3,4.064953807741404,3.2835763338953257,37032617.69916457,9032617.69916457,Entrenamiento (Train)
Strahinja Pavlović,AC Milan,Serbia,24.0,Serie_A,28000000.0,3,2066,1,2.8166709039360285,0.6053832489997149,36043906.590214245,8043906.590214245,Entrenamiento (Train)
David Neres,SSC Napoli,Brazil,29.0,Serie_A,28000000.0,3,932,3,1.484556145966053,3.786104552447796,33349189.315196007,5349189.3151960075,Entrenamiento (Train)
Teun Koopmeiners,Juventus FC,Netherlands,28.0,Serie_A,28000000.0,0,1577,0,1.6756343580782411,0.623254019767046,22943088.116111774,-5056911.883888226,Entrenamiento (Train)
Nicolò Rovella,SS Lazio,Italy,24.0,Serie_A,28000000.0,0,339,1,0.0171176232397556,1.4522087695077062,24848042.38778459,-3151957.612215411,Entrenamiento (Train)
Davide Frattesi,Inter Milan,Italy,26.0,Serie_A,28000000.0,0,453,0,1.8691730089485643,0.5798975229263306,21033390.664058715,-6966609.335941285,Entrenamiento (Train)
Pierre Kalulu,Juventus FC,France,25.0,Serie_A,28000000.0,1,2471,3,1.014498583972454,4.389605348929763,42589945.37341069,14589945.373410687,Entrenamiento (Train)
Carlos Augusto,Inter Milan,Brazil,27.0,Serie_A,26000000.0,1,1184,1,1.6097844615578651,1.1390730757266283,26324164.985467687,324164.98546768725,Validación (Test)
Mike Maignan,AC Milan,France,30.0,Serie_A,25000000.0,0,2486,0,0.0,0.0,21657528.540997416,-3342471.459002584,Entrenamiento (Train)
Honest Ahanor,Atalanta BC,Nigeria,18.0,Serie_A,25000000.0,0,1016,0,2.1688793301582336,0.0,32311703.797362488,7311703.797362488,Entrenamiento (Train)
Manuel Locatelli,Juventus FC,Italy,28.0,Serie_A,25000000.0,1,2221,2,1.1502228854224086,3.042662491090596,33949400.709266216,8949400.709266216,Entrenamiento (Train)
Alexis Saelemaekers,AC Milan,Belgium,26.0,Serie_A,25000000.0,2,2220,3,2.62973475176841,3.920516704209149,41927985.97047667,16927985.970476672,Entrenamiento (Train)
Samuele Ricci,AC Milan,Italy,24.0,Serie_A,25000000.0,1,1013,3,1.8986855186522007,2.295908285304904,34644515.67729494,9644515.67729494,Validación (Test)
Isak Hien,Atalanta BC,Sweden,27.0,Serie_A,25000000.0,1,1726,0,1.0443096067756414,0.0597530007362365,24571325.83123232,-428674.1687676795,Entrenamiento (Train)
Marco Carnesecchi,Atalanta BC,Italy,25.0,Serie_A,25000000.0,0,2610,0,0.0,0.0,28370404.67582292,3370404.675822921,Entrenamiento (Train)
Máximo Perrone,Como 1907,Argentina,23.0,Serie_A,25000000.0,2,2068,4,1.704005990177393,2.113582393154502,42321259.84372714,17321259.84372714,Entrenamiento (Train)
Donyell Malen,AS Roma,Netherlands,27.0,Serie_A,25000000.0,7,738,0,7.443925902247429,0.1079391464591026,33301755.826696582,8301755.826696582,Validación (Test)
Evan Ferguson,AS Roma,Ireland,21.0,Serie_A,25000000.0,3,777,2,3.4807619526982307,1.686270648613572,38643940.5305973,13643940.5305973,Entrenamiento (Train)
Giorgio Scalvini,Atalanta BC,Italy,22.0,Serie_A,25000000.0,2,1136,0,3.2213777154684067,0.4326582141220569,32059162.144355897,7059162.144355897,Entrenamiento (Train)
Gianluca Scamacca,Atalanta BC,Italy,27.0,Serie_A,25000000.0,8,1146,1,8.21346314623952,1.2116308640688658,40342227.14887467,15342227.14887467,Entrenamiento (Train)
Riccardo Orsolini,Bologna FC 1909,Italy,29.0,Serie_A,25000000.0,7,1664,1,7.122679613530636,1.4237860459834335,38206227.62201163,13206227.622011632,Entrenamiento (Train)
Jhon Lucumí,Bologna FC 1909,Colombia,27.0,Serie_A,25000000.0,1,1638,0,1.2083417065441608,0.1424706280231475,24499375.81594201,-500624.1840579882,Validación (Test)
Denzel Dumfries,Inter Milan,Netherlands,29.0,Serie_A,25000000.0,1,849,0,2.3475175220519304,1.375735875219107,22079021.798479434,-2920978.201520566,Entrenamiento (Train)
Marco Palestra,Cagliari Calcio,Italy,21.0,Serie_A,25000000.0,1,2427,4,1.154845249839127,3.621552729047835,47421615.23914661,22421615.239146613,Entrenamiento (Train)
Pietro Comuzzo,ACF Fiorentina,Italy,21.0,Serie_A,23000000.0,1,1435,0,0.7991757988929749,0.0443671131506562,30680220.637433458,7680220.637433458,Entrenamiento (Train)
Kenneth Taylor,SS Lazio,Netherlands,23.0,Serie_A,23000000.0,1,882,0,1.0956146027892828,0.4335441179573536,26963879.326890737,3963879.326890737,Entrenamiento (Train)
Luis Henrique,Inter Milan,Brazil,24.0,Serie_A,23000000.0,1,1418,2,1.0236223861575129,2.095383860170841,33825863.92942871,10825863.929428712,Entrenamiento (Train)
Weston McKennie,Juventus FC,United States,27.0,Serie_A,22000000.0,4,2140,4,6.459981877356768,3.8930363673716784,47118673.65090339,25118673.65090339,Entrenamiento (Train)
Giacomo Raspadori,Atalanta BC,Italy,26.0,Serie_A,22000000.0,1,244,1,1.5886186063289642,0.4990691989660263,22593569.919770584,593569.9197705835,Entrenamiento (Train)
Raoul Bellanova,Atalanta BC,Italy,25.0,Serie_A,22000000.0,0,1161,1,0.5010053906589746,1.3496409468352797,27006547.88466327,5006547.884663269,Entrenamiento (Train)
Odilon Kossounou,Atalanta BC,Cote d'Ivoire,25.0,Serie_A,22000000.0,1,893,0,0.2642052415758371,0.1952001675963401,23466041.02071767,1466041.0207176693,Entrenamiento (Train)
Hakan Çalhanoğlu,Inter Milan,Türkiye,32.0,Serie_A,22000000.0,8,1357,2,5.023795718327165,3.201112201437354,37938840.31702634,15938840.31702634,Validación (Test)
Manuel Akanji,Inter Milan,Switzerland,30.0,Serie_A,22000000.0,2,2274,0,2.0713284723460674,0.2070221100002527,25357233.81448579,3357233.8144857883,Entrenamiento (Train)
Vanja Milinković-Savić,SSC Napoli,Serbia,29.0,Serie_A,20000000.0,0,1800,0,0.0,0.1963787749409675,20563725.24909952,563725.2490995191,Entrenamiento (Train)
Billy Gilmour,SSC Napoli,Scotland,24.0,Serie_A,20000000.0,1,621,0,0.477199712768197,0.4551220284774899,24286713.213750176,4286713.213750176,Validación (Test)
Lloyd Kelly,Juventus FC,England,27.0,Serie_A,20000000.0,1,2213,0,0.5130591401830316,0.7107013165950775,27379335.95065496,7379335.950654961,Entrenamiento (Train)
Edon Zhegrova,Juventus FC,Kosovo,26.0,Serie_A,20000000.0,0,260,0,0.4802727233618498,1.0260313991457224,20141035.41942528,141035.4194252789,Entrenamiento (Train)
Federico Gatti,Juventus FC,Italy,27.0,Serie_A,20000000.0,2,957,0,1.5057558212429285,0.1769172400236129,23412082.447679657,3412082.4476796575,Entrenamiento (Train)
Lewis Ferguson,Bologna FC 1909,Scotland,26.0,Serie_A,20000000.0,1,1174,0,0.5634688977152109,1.3887003436684608,25853393.295219827,5853393.295219827,Entrenamiento (Train)
Koni De Winter,AC Milan,Belgium,23.0,Serie_A,20000000.0,1,1452,1,0.7965529607608914,0.6188074201345444,30778789.348883502,10778789.348883502,Entrenamiento (Train)
Santiago Gimenez,AC Milan,Mexico,24.0,Serie_A,20000000.0,0,637,0,3.324646063148976,0.1757811568677425,24507355.50322568,4507355.50322568,Entrenamiento (Train)
Zion Suzuki,Parma Calcio 1913,Japan,23.0,Serie_A,20000000.0,0,1080,0,0.0,0.0,24798269.04399446,4798269.04399446,Entrenamiento (Train)
Nikola Krstović,Atalanta BC,Montenegro,25.0,Serie_A,20000000.0,8,1145,4,11.150614865124226,2.4100743625313044,51471051.59921652,31471051.59921652,Entrenamiento (Train)
Adrien Rabiot,AC Milan,France,30.0,Serie_A,20000000.0,4,1736,4,2.3046071343123917,3.5993717405945063,38257438.84374319,18257438.84374319,Entrenamiento (Train)
Oumar Solet,Udinese Calcio,France,26.0,Serie_A,20000000.0,3,2152,1,2.592456222511828,1.4178581573069096,35305520.131398484,15305520.131398484,Entrenamiento (Train)
Fikayo Tomori,AC Milan,England,28.0,Serie_A,20000000.0,0,2102,2,0.594410877674818,1.0016300892457366,27807664.411943883,7807664.411943883,Validación (Test)
Neil El Aynaoui,AS Roma,Morocco,24.0,Serie_A,20000000.0,0,569,1,0.167308447882533,0.642777256667614,24302671.492325522,4302671.492325522,Entrenamiento (Train)
Matteo Gabbia,AC Milan,Italy,26.0,Serie_A,20000000.0,0,1991,0,1.4391436912119389,0.0519444094970822,25799715.764462307,5799715.764462307,Entrenamiento (Train)
Artem Dovbyk,AS Roma,Ukraine,28.0,Serie_A,20000000.0,3,363,1,2.87838901206851,1.2935574017465117,25693691.159048468,5693691.159048468,Validación (Test)
Jayden Addai,Como 1907,Netherlands,20.0,Serie_A,20000000.0,3,688,0,1.5144574735313654,1.0214554481208324,34026245.39567254,14026245.395672537,Entrenamiento (Train)
Mathías Olivera,SSC Napoli,Uruguay,28.0,Serie_A,18000000.0,0,880,0,1.6962441354990003,0.2783426139503717,19530515.35040907,1530515.3504090682,Entrenamiento (Train)
Davide Bartesaghi,AC Milan,Italy,20.0,Serie_A,18000000.0,2,1778,0,1.1142620984464884,2.9819220267236237,40513816.247614846,22513816.247614846,Entrenamiento (Train)
Yunus Musah,Atalanta BC,United States,23.0,Serie_A,18000000.0,1,491,0,0.6885600984096527,0.7158418446779251,25670268.558142908,7670268.558142908,Entrenamiento (Train)
Dodô,ACF Fiorentina,Brazil,27.0,Serie_A,18000000.0,0,2348,2,0.9809015495702624,3.720207205042243,35552993.47517777,17552993.475177772,Entrenamiento (Train)
Michele Di Gregorio,Juventus FC,Italy,28.0,Serie_A,18000000.0,0,2070,0,0.0,0.0,22498292.82024464,4498292.82024464,Entrenamiento (Train)
Kamaldeen Sulemana,Atalanta BC,Ghana,24.0,Serie_A,18000000.0,2,879,1,2.248252622783184,1.849519582465291,32008069.799783908,14008069.799783908,Entrenamiento (Train)
Nicolò Cambiaghi,Bologna FC 1909,Italy,25.0,Serie_A,18000000.0,3,1324,4,2.916797866113484,2.8882750775665045,40577766.888807304,22577766.888807304,Entrenamiento (Train)
Stanislav Lobotka,SSC Napoli,Slovakia,31.0,Serie_A,18000000.0,1,1789,1,0.3973950408399105,0.5668810717761517,21774380.995219544,3774380.9952195436,Entrenamiento (Train)
Andy Diouf,Inter Milan,France,22.0,Serie_A,18000000.0,0,208,0,0.3741707131266594,1.2294243555516005,25229659.961733602,7229659.961733602,Validación (Test)
Jacobo Ramón,Como 1907,Spain,21.0,Serie_A,18000000.0,2,2251,0,3.904356028884649,0.9999716505408288,39302777.4248248,21302777.424824797,Entrenamiento (Train)
Morten Frendrup,Genoa CFC,Denmark,24.0,Serie_A,18000000.0,1,2385,0,0.2742339605465531,1.146474251523614,32465256.744173132,14465256.744173132,Entrenamiento (Train)
João Neves,Paris Saint-Germain,Portugal,21.0,Ligue_1,110000000.0,5,1004,1,2.70427505671978,1.797830231487751,40457065.707612574,-69542934.29238743,Entrenamiento (Train)
Vitinha,Paris Saint-Germain,Portugal,26.0,Ligue_1,110000000.0,1,1861,7,0.890582175925374,3.427176354452968,42630668.68746716,-67369331.31253284,Entrenamiento (Train)
Ousmane Dembélé,Paris Saint-Germain,France,28.0,Ligue_1,100000000.0,8,717,4,4.726020611822605,3.614583231508732,43791809.402948685,-56208190.597051315,Entrenamiento (Train)
Désiré Doué,Paris Saint-Germain,France,20.0,Ligue_1,90000000.0,4,854,2,5.722375296056271,2.5421556401997805,44775532.5860111,-45224467.4139889,Entrenamiento (Train)
Khvicha Kvaratskhelia,Paris Saint-Germain,Georgia,25.0,Ligue_1,90000000.0,4,1080,3,4.847407896071672,3.9861585907638073,43027110.60997579,-46972889.39002421,Entrenamiento (Train)
Achraf Hakimi,Paris Saint-Germain,Morocco,27.0,Ligue_1,80000000.0,2,1090,1,2.231421809643507,0.8122581765055656,27095358.81386825,-52904641.186131746,Entrenamiento (Train)
Nuno Mendes,Paris Saint-Germain,Portugal,23.0,Ligue_1,75000000.0,3,1136,3,3.0087150670588017,4.041248494759202,43202069.58486514,-31797930.415134862,Entrenamiento (Train)
Bradley Barcola,Paris Saint-Germain,France,23.0,Ligue_1,70000000.0,10,1340,1,9.821227848529816,4.046997956931591,55374137.396557026,-14625862.603442974,Entrenamiento (Train)
Mason Greenwood,Olympique Marseille,England,24.0,Ligue_1,50000000.0,15,2018,4,12.506917960941792,5.4081055065616965,72254328.7796503,22254328.7796503,Entrenamiento (Train)
Warren Zaïre-Emery,Paris Saint-Germain,France,20.0,Ligue_1,50000000.0,1,2036,4,1.4253815347328782,3.7308402908965945,47520926.96825792,-2479073.031742081,Entrenamiento (Train)
Maghnes Akliouche,AS Monaco,France,24.0,Ligue_1,45000000.0,5,1823,3,5.296528706327081,3.847106486558914,48598019.8867771,3598019.886777103,Validación (Test)
Senny Mayulu,Paris Saint-Germain,France,19.0,Ligue_1,40000000.0,3,1194,4,3.3705584071576595,2.9051930215209723,47884778.91152154,7884778.911521539,Entrenamiento (Train)
Ethan Nwaneri,Olympique Marseille,England,18.0,Ligue_1,40000000.0,1,217,1,0.4416860844939947,0.979939728975296,32552963.997953802,-7447036.002046198,Validación (Test)
Ayyoub Bouaddi,LOSC Lille,France,18.0,Ligue_1,40000000.0,0,1779,1,0.9921961771324276,1.515459575690329,38835236.572131395,-1164763.4278686047,Validación (Test)
Igor Paixão,Olympique Marseille,Brazil,25.0,Ligue_1,35000000.0,5,1455,4,3.913851175457239,1.6203369665890932,42021799.92797054,7021799.9279705435,Entrenamiento (Train)
Gonçalo Ramos,Paris Saint-Germain,Portugal,24.0,Ligue_1,35000000.0,5,991,1,7.199973220005632,1.252511919476092,38822338.29890602,3822338.298906021,Entrenamiento (Train)
Lucas Chevalier,Paris Saint-Germain,France,24.0,Ligue_1,35000000.0,0,1530,0,0.0,0.0,25336524.04842858,-9663475.95157142,Entrenamiento (Train)
Lamine Camara,AS Monaco,Senegal,22.0,Ligue_1,30000000.0,0,1311,4,0.7870051618665457,3.869807076640427,40641980.7904796,10641980.7904796,Validación (Test)
Malick Fofana,Olympique Lyon,Belgium,20.0,Ligue_1,30000000.0,2,750,1,2.6917807161808014,2.172333646565676,37413945.58586656,7413945.585866563,Entrenamiento (Train)
Marquinhos,Paris Saint-Germain,Brazil,31.0,Ligue_1,30000000.0,0,770,0,0.027354821562767,0.0329714883118867,13698761.775229167,-16301238.224770833,Validación (Test)
Amine Gouiri,Olympique Marseille,Algeria,26.0,Ligue_1,28000000.0,6,862,2,5.781693805009127,1.492222175002098,38019291.04207294,10019291.042072937,Entrenamiento (Train)
Arthur Vermeeren,Olympique Marseille,Belgium,21.0,Ligue_1,28000000.0,0,608,1,0.0354134496301412,0.2061706986278295,27252854.33759804,-747145.6624019593,Validación (Test)
Denis Zakaria,AS Monaco,Switzerland,29.0,Ligue_1,25000000.0,2,1319,1,1.6148726418614388,1.360045701265335,26132644.524691224,1132644.524691224,Entrenamiento (Train)
Joaquín Panichelli,RC Strasbourg Alsace,Argentina,23.0,Ligue_1,25000000.0,14,2160,1,13.656913589686155,2.9524750281125307,64568791.44572379,39568791.44572379,Entrenamiento (Train)
Valentín Barco,RC Strasbourg Alsace,Argentina,21.0,Ligue_1,25000000.0,1,1911,4,1.7670488376170397,5.1810201816260815,48825995.945243694,23825995.945243694,Validación (Test)
Quinten Timber,Olympique Marseille,Netherlands,24.0,Ligue_1,25000000.0,0,646,0,0.9254515580832958,0.3498091623187065,23169775.88134864,-1830224.1186513603,Entrenamiento (Train)
Ibrahim Mbaye,Paris Saint-Germain,Senegal,18.0,Ligue_1,25000000.0,1,811,2,2.2309685610234737,2.089094409719109,39735419.27170824,14735419.271708243,Entrenamiento (Train)
Endrick,Olympique Lyon,Brazil,19.0,Ligue_1,25000000.0,3,618,3,3.674096666276455,2.2329336926341057,43108619.5401497,18108619.540149704,Entrenamiento (Train)
Folarin Balogun,AS Monaco,United States,24.0,Ligue_1,22000000.0,8,1582,4,9.91617120243609,3.4303453508764505,55537694.91598751,33537694.915987507,Validación (Test)
Mika Biereth,AS Monaco,Denmark,23.0,Ligue_1,22000000.0,2,1006,2,3.207695998251438,1.9045252837240696,35957511.95499466,13957511.954994664,Entrenamiento (Train)
Simon Adingra,AS Monaco,Cote d'Ivoire,24.0,Ligue_1,22000000.0,3,370,0,1.3474811501801014,0.0924234688282013,25875744.240431692,3875744.2404316925,Validación (Test)
Matthis Abline,FC Nantes,France,22.0,Ligue_1,20000000.0,4,1896,2,5.459960578009486,2.9579119961708784,47030649.208911724,27030649.208911724,Entrenamiento (Train)
Vanderson,AS Monaco,Brazil,24.0,Ligue_1,20000000.0,0,609,2,0.1478172391653061,1.3581282254308462,27241181.393056095,7241181.393056095,Validación (Test)
Julio Enciso,RC Strasbourg Alsace,Paraguay,22.0,Ligue_1,20000000.0,1,1430,2,4.590298721566796,2.315237496048212,39327922.23252245,19327922.23252245,Validación (Test)
Benjamin Pavard,Olympique Marseille,France,29.0,Ligue_1,20000000.0,1,1481,2,0.7761205099523067,1.7946659661829472,27096552.333864592,7096552.333864592,Entrenamiento (Train)
Timothy Weah,Olympique Marseille,United States,26.0,Ligue_1,20000000.0,2,1794,2,2.4579888684675097,2.6762151680886745,36302447.97204758,16302447.972047582,Validación (Test)
Facundo Medina,Olympique Marseille,Argentina,26.0,Ligue_1,20000000.0,0,751,0,0.0276491362601518,0.0727883502840995,19922289.589582913,-77710.41041708738,Entrenamiento (Train)
Leonardo Balerdi,Olympique Marseille,Argentina,27.0,Ligue_1,20000000.0,0,1353,1,1.238036636263132,0.2238230034708976,23628965.11586333,3628965.1158633307,Entrenamiento (Train)
Jérémy Jacquet,Stade Rennais FC,France,20.0,Ligue_1,20000000.0,0,1678,0,0.7883376181125641,0.5708747990429401,32564501.780205764,12564501.780205764,Entrenamiento (Train)
Lucas Hernández,Paris Saint-Germain,France,30.0,Ligue_1,20000000.0,0,1160,2,0.2572824377566576,1.0486548505723476,21438074.909855947,1438074.909855947,Validación (Test)
Guillaume Restes,FC Toulouse,France,21.0,Ligue_1,20000000.0,0,2313,0,0.0,0.0612147636711597,32289475.47185795,12289475.47185795,Entrenamiento (Train)
Matías Fernández-Pardo,LOSC Lille,Spain,21.0,Ligue_1,20000000.0,5,1693,4,6.80159630253911,3.784063704311848,54178801.60582511,34178801.60582511,Entrenamiento (Train)
Thilo Kehrer,AS Monaco,Germany,29.0,Ligue_1,18000000.0,0,1740,0,1.4407017305493357,0.0864391215145587,21140161.959758684,3140161.959758684,Validación (Test)
Aleksandr Golovin,AS Monaco,Russia,29.0,Ligue_1,18000000.0,4,1379,5,3.984398787841201,2.096991397440433,37794627.87307071,19794627.87307071,Validación (Test)
Tyler Morton,Olympique Lyon,England,23.0,Ligue_1,18000000.0,2,2046,2,1.8578537218272688,2.3909312272444367,40055069.31013425,22055069.310134247,Entrenamiento (Train)
Ismaël Doukouré,RC Strasbourg Alsace,France,22.0,Ligue_1,18000000.0,0,1591,1,0.5101161524653435,0.6806409554556012,31157180.915966563,13157180.915966563,Entrenamiento (Train)
Guéla Doué,RC Strasbourg Alsace,Cote d'Ivoire,23.0,Ligue_1,18000000.0,2,1615,5,1.7687125685624778,1.881382867693901,41536564.936106995,23536564.936106995,Entrenamiento (Train)
Diego Moreira,RC Strasbourg Alsace,Belgium,21.0,Ligue_1,18000000.0,3,1860,5,1.6906429044902325,6.677227875217795,55535603.69209997,37535603.69209997,Entrenamiento (Train)
Pierre-Emile Højbjerg,Olympique Marseille,Denmark,30.0,Ligue_1,18000000.0,2,2015,4,2.932487336918712,2.839808125048876,35678998.654124685,17678998.654124685,Entrenamiento (Train)
Hamza Igamane,LOSC Lille,Morocco,23.0,Ligue_1,18000000.0,5,406,1,3.7606138456612825,0.6632731482386589,34160667.811082676,16160667.811082676,Entrenamiento (Train)
Mamadou Sangaré,RC Lens,Mali,23.0,Ligue_1,15000000.0,2,1849,3,2.588983340188861,1.8637299984693527,40189464.64113483,25189464.64113483,Entrenamiento (Train)
Moussa Niakhaté,Olympique Lyon,Senegal,30.0,Ligue_1,15000000.0,0,2030,2,0.110002283938229,0.7531700320541859,24208728.6828622,9208728.6828622,Validación (Test)
Caio Henrique,AS Monaco,Brazil,28.0,Ligue_1,15000000.0,0,1521,1,0.1910106763243675,2.675951985642314,27040623.903179966,12040623.903179966,Entrenamiento (Train)
Mike Penders,RC Strasbourg Alsace,Belgium,20.0,Ligue_1,15000000.0,0,2250,0,0.0,0.0,33166006.522532962,18166006.522532962,Entrenamiento (Train)
Christian Mawissa,AS Monaco,France,20.0,Ligue_1,15000000.0,0,616,0,0.0,0.0,26693225.144886937,11693225.144886937,Validación (Test)
Sebastian Nanasi,RC Strasbourg Alsace,Sweden,23.0,Ligue_1,15000000.0,3,422,1,2.168072894215584,1.4739970453083515,31991528.789248247,16991528.789248247,Entrenamiento (Train)
Ludovic Blas,Stade Rennais FC,France,28.0,Ligue_1,15000000.0,4,944,3,3.416647403500974,4.861526608467102,39426820.67213007,24426820.67213007,Entrenamiento (Train)
Estéban Lepaul,Stade Rennais FC,France,25.0,Ligue_1,15000000.0,14,2042,3,10.94412499666214,1.8226308543235064,60321871.1311113,45321871.1311113,Entrenamiento (Train)
Djaoui Cissé,Stade Rennais FC,France,22.0,Ligue_1,15000000.0,0,920,0,0.7047407533973455,0.7112873084843159,27284815.559423044,12284815.559423044,Entrenamiento (Train)
Matvey Safonov,Paris Saint-Germain,Russia,27.0,Ligue_1,15000000.0,0,720,0,0.0,0.0981416627764701,18584426.667211298,3584426.667211298,Entrenamiento (Train)
Charlie Cresswell,FC Toulouse,England,23.0,Ligue_1,15000000.0,3,2160,2,3.023215001448989,1.152479212731123,40276710.0846917,25276710.084691703,Validación (Test)
Samson Baidoo,RC Lens,Austria,21.0,Ligue_1,12000000.0,2,1544,1,2.378174432553351,0.4557065162807703,35775653.104249135,23775653.104249135,Entrenamiento (Train)
Tylel Tati,FC Nantes,France,18.0,Ligue_1,12000000.0,0,1600,0,0.4968229848891496,0.0154627989977598,33463668.613867108,21463668.613867108,Entrenamiento (Train)
Corentin Tolisso,Olympique Lyon,France,31.0,Ligue_1,12000000.0,7,1824,1,8.034891624003649,3.383783687837422,40787190.488163896,28787190.488163896,Entrenamiento (Train)
Pavel Sulc,Olympique Lyon,Czech Republic,25.0,Ligue_1,12000000.0,9,1265,3,7.207630645483732,2.644355747848749,49509373.718266025,37509373.718266025,Entrenamiento (Train)
Tanner Tessmann,Olympique Lyon,United States,24.0,Ligue_1,12000000.0,1,1793,0,2.5335096772760157,1.3600170742720366,32142326.307173707,20142326.307173707,Validación (Test)
Aarón Anselmino,RC Strasbourg Alsace,Argentina,20.0,Ligue_1,12000000.0,0,2,0,0.0,0.0,24260980.490128886,12260980.490128886,Entrenamiento (Train)
Lucas Høgsberg,RC Strasbourg Alsace,Denmark,19.0,Ligue_1,12000000.0,0,1261,0,0.2162238508462906,0.0,30646660.5054497,18646660.5054497,Validación (Test)
Ben Chilwell,RC Strasbourg Alsace,England,29.0,Ligue_1,12000000.0,0,1552,2,0.2908765040338039,1.4190899282693863,24974702.868707288,12974702.868707288,Entrenamiento (Train)
Mohamed-Ali Cho,OGC Nice,France,22.0,Ligue_1,12000000.0,4,1246,3,3.2169126383960247,3.177031572908163,44693103.437768675,32693103.437768675,Entrenamiento (Train)
Yann Gboho,FC Toulouse,France,25.0,Ligue_1,12000000.0,8,2172,3,4.671943701803684,3.2317685279995203,51098366.87776619,39098366.87776619,Entrenamiento (Train)
Tiago Santos,LOSC Lille,Portugal,23.0,Ligue_1,12000000.0,0,704,0,0.4807566478848457,0.7291203085333109,25059699.21304057,13059699.213040572,Validación (Test)
Ngal'ayel Mukau,LOSC Lille,DR Congo,21.0,Ligue_1,12000000.0,1,968,0,2.2633031737059355,0.2545448457822203,30279426.110434037,18279426.110434037,Validación (Test)
Takumi Minamino,AS Monaco,Japan,31.0,Ligue_1,12000000.0,3,976,2,3.37246372550726,2.100285714492202,27711436.19190413,15711436.191904131,Validación (Test)
Wout Faes,AS Monaco,Belgium,27.0,Ligue_1,12000000.0,0,568,0,0.4553984049707651,0.0,18117201.80048631,6117201.800486311,Entrenamiento (Train)
Jordan Teze,AS Monaco,Netherlands,26.0,Ligue_1,12000000.0,0,1865,0,0.3223925614729523,2.3224097546190023,28890508.587378576,16890508.587378576,Entrenamiento (Train)
Marshall Munetsi,Paris FC,Zimbabwe,29.0,Ligue_1,12000000.0,3,507,0,2.9643563255667686,0.1019745916128158,21367211.49550025,9367211.495500252,Validación (Test)
Quentin Merlin,Stade Rennais FC,France,23.0,Ligue_1,12000000.0,1,1814,3,1.664761358872056,3.1362371146678925,40518354.62771097,28518354.62771097,Validación (Test)
Sebastian Szymanski,Stade Rennais FC,Poland,26.0,Ligue_1,12000000.0,1,412,2,0.2826506607234478,0.6794272139668465,24089156.70715722,12089156.70715722,Entrenamiento (Train)
Breel Embolo,Stade Rennais FC,Switzerland,29.0,Ligue_1,12000000.0,6,1385,3,5.423134101554751,1.4250572575256228,37385039.17323055,25385039.17323055,Validación (Test)
CJ Egan-Riley,Olympique Marseille,England,23.0,Ligue_1,12000000.0,0,547,0,0.0,0.5053555741906166,23663024.4357775,11663024.4357775,Validación (Test)
Ilan Kebbal,Paris FC,Algeria,27.0,Ligue_1,12000000.0,8,1984,4,5.371192855760455,3.583236757665873,50454249.2485434,38454249.2485434,Validación (Test)
Ainsley Maitland-Niles,Olympique Lyon,England,28.0,Ligue_1,10000000.0,1,1919,3,2.450333006680012,2.748555427417159,34523485.79731642,24523485.797316417,Entrenamiento (Train)
Berke Özer,LOSC Lille,Türkiye,25.0,Ligue_1,10000000.0,0,2160,1,0.0,0.082175962626934,28158732.393658515,18158732.393658515,Entrenamiento (Train)
Félix Correia,LOSC Lille,Portugal,25.0,Ligue_1,10000000.0,3,1522,5,3.977363171987236,4.820035055279732,47261272.764952414,37261272.764952414,Entrenamiento (Train)
Mohammed Salisu,AS Monaco,Ghana,26.0,Ligue_1,10000000.0,1,1080,0,0.8756848890334368,0.1508046872913837,23312385.55168727,13312385.55168727,Entrenamiento (Train)
